Group,Recipe Name,File Name,Completeness Score,Published/Removed/Merged
group_0,Steamed Egg In Pork,047_65d496b6977bcd0001feeb14.json,104,Published
group_0,Steamed Egg In Pork,050_65d496b6977bcd0001feeb14.json,104,Removed
group_0,MERGED: Steamed Egg In Pork,merged_047_65d496b6977bcd0001feeb14.json,N/A,Merged
group_1,Galunggong In Coconut Aminos,257_65d4966d977bcd0001fee980.json,104,Published
group_1,Galunggong In Coconut Aminos,260_65d4966d977bcd0001fee980.json,104,Removed
group_1,MERGED: Galunggong In Coconut Aminos,merged_257_65d4966d977bcd0001fee980.json,N/A,Merged
group_2,4 Ingredient Pancake,269_65d49656977bcd0001fee8fa.json,104,Published
group_2,4 Ingredient Pancake,272_65d49656977bcd0001fee8fa.json,104,Removed
group_2,MERGED: 4 Ingredient Pancake,merged_269_65d49656977bcd0001fee8fa.json,N/A,Merged
group_3,Buttered Cabbage,094_65d495f7977bcd0001fee6ee.json,101,Published
group_3,Buttered Cabbage,091_65d495f7977bcd0001fee6ee.json,101,Removed
group_3,MERGED: Buttered Cabbage,merged_094_65d495f7977bcd0001fee6ee.json,N/A,Merged
group_4,Wagyu Cabbage Sopas,036_65d496f4977bcd0001feec5e.json,110,Published
group_4,Wagyu Cabbage Sopas,033_65d496f4977bcd0001feec5e.json,110,Removed
group_4,MERGED: Wagyu Cabbage Sopas,merged_036_65d496f4977bcd0001feec5e.json,N/A,Merged
group_5,Enoki Carrots,332_65d495de977bcd0001fee65d.json,100,Published
group_5,Enoki Carrots,329_65d495de977bcd0001fee65d.json,100,Removed
group_5,MERGED: Enoki Carrots,merged_332_65d495de977bcd0001fee65d.json,N/A,Merged
group_6,Banana Blossom Fresh Spring Rolls,313_65d495fb977bcd0001fee706.json,109,Published
group_6,Banana Blossom Fresh Spring Rolls,316_65d495fb977bcd0001fee706.json,109,Removed
group_6,MERGED: Banana Blossom Fresh Spring Rolls,merged_313_65d495fb977bcd0001fee706.json,N/A,Merged
group_7,Homemade Spaghetti,249_65d4967e977bcd0001fee9dc.json,106,Published
group_7,Homemade Spaghetti,246_65d4967e977bcd0001fee9dc.json,106,Removed
group_7,MERGED: Homemade Spaghetti,merged_249_65d4967e977bcd0001fee9dc.json,N/A,Merged
group_8,Healthyfied,124_65d4979f977bcd0001feef91.json,105,Published
group_8,Healthyfied,127_65d4979f977bcd0001feef91.json,105,Removed
group_8,MERGED: Healthyfied,merged_124_65d4979f977bcd0001feef91.json,N/A,Merged
group_9,Prepmeal Ham Cabbage Bowl,018_65d49726977bcd0001feed55.json,106,Published
group_9,Prepmeal Ham Cabbage Bowl,021_65d49726977bcd0001feed55.json,106,Removed
group_9,MERGED: Prepmeal Ham Cabbage Bowl,merged_018_65d49726977bcd0001feed55.json,N/A,Merged
group_10,Pesto Carrot Adlai,262_65d4966b977bcd0001fee970.json,106,Published
group_10,Pesto Carrot Adlai,259_65d4966b977bcd0001fee970.json,106,Removed
group_10,MERGED: Pesto Carrot Adlai,merged_262_65d4966b977bcd0001fee970.json,N/A,Merged
group_11,Sunday Camachile,205_65d496d2977bcd0001feebbe.json,110,Published
group_11,Sunday Camachile,208_65d496d2977bcd0001feebbe.json,110,Removed
group_11,MERGED: Sunday Camachile,merged_205_65d496d2977bcd0001feebbe.json,N/A,Merged
group_12,Pea Hummus,085_65d49615977bcd0001fee79c.json,108,Published
group_12,Pea Hummus,088_65d49615977bcd0001fee79c.json,108,Removed
group_12,MERGED: Pea Hummus,merged_085_65d49615977bcd0001fee79c.json,N/A,Merged
group_13,Red Cabbage Chicken Egg Salad,239_65d49698977bcd0001feea63.json,107,Published
group_13,Red Cabbage Chicken Egg Salad,236_65d49698977bcd0001feea63.json,107,Removed
group_13,MERGED: Red Cabbage Chicken Egg Salad,merged_239_65d49698977bcd0001feea63.json,N/A,Merged
group_14,Healthyfied Lemon Orange Chicken Thighs,122_65d497a9977bcd0001feefc2.json,105,Published
group_14,Healthyfied Lemon Orange Chicken Thighs,119_65d497a9977bcd0001feefc2.json,105,Removed
group_14,MERGED: Healthyfied Lemon Orange Chicken Thighs,merged_122_65d497a9977bcd0001feefc2.json,N/A,Merged
group_15,Batutay With Mashpotato,136_65d49773977bcd0001feeeea.json,110,Published
group_15,Batutay With Mashpotato,139_65d49773977bcd0001feeeea.json,110,Removed
group_15,MERGED: Batutay With Mashpotato,merged_136_65d49773977bcd0001feeeea.json,N/A,Merged
group_16,Salad Dressing Lemon Hint Vinaigrette,108_65d495b4977bcd0001fee574.json,105,Published
group_16,Salad Dressing Lemon Hint Vinaigrette,105_65d495b4977bcd0001fee574.json,105,Removed
group_16,MERGED: Salad Dressing Lemon Hint Vinaigrette,merged_108_65d495b4977bcd0001fee574.json,N/A,Merged
group_17,Chicken Curry,050_65d496aa977bcd0001feeacd.json,110,Published
group_17,Chicken Curry,053_65d496aa977bcd0001feeacd.json,110,Removed
group_17,MERGED: Chicken Curry,merged_050_65d496aa977bcd0001feeacd.json,N/A,Merged
group_18,Steamed Boneless Bangus,012_65d49750977bcd0001feee38.json,106,Published
group_18,Steamed Boneless Bangus,015_65d49750977bcd0001feee38.json,106,Removed
group_18,MERGED: Steamed Boneless Bangus,merged_012_65d49750977bcd0001feee38.json,N/A,Merged
group_19,2018/11/06 Caulirice,066_65d4965c977bcd0001fee91b.json,107,Published
group_19,2018/11/06 Caulirice,069_65d4965c977bcd0001fee91b.json,107,Removed
group_19,MERGED: 2018/11/06 Caulirice,merged_066_65d4965c977bcd0001fee91b.json,N/A,Merged
group_20,Salad Dressing Garlic Mayo (500 Ml),057_65d49693977bcd0001feea46.json,96,Published
group_20,Salad Dressing Garlic Mayo (500 Ml),054_65d49693977bcd0001feea46.json,96,Removed
group_20,MERGED: Salad Dressing Garlic Mayo (500 Ml),merged_057_65d49693977bcd0001feea46.json,N/A,Merged
group_21,2018/10/26 Dinner,113_65d497b7977bcd0001fef007.json,105,Published
group_21,2018/10/26 Dinner,110_65d497b7977bcd0001fef007.json,105,Removed
group_21,MERGED: 2018/10/26 Dinner,merged_113_65d497b7977bcd0001fef007.json,N/A,Merged
group_22,Garlic Lemony Caulirice,336_65d495d5977bcd0001fee630.json,108,Published
group_22,Garlic Lemony Caulirice,333_65d495d5977bcd0001fee630.json,108,Removed
group_22,MERGED: Garlic Lemony Caulirice,merged_336_65d495d5977bcd0001fee630.json,N/A,Merged
group_23,Broccoli Mango Salad,010_65d4975d977bcd0001feee76.json,108,Published
group_23,Broccoli Mango Salad,013_65d4975d977bcd0001feee76.json,108,Removed
group_23,MERGED: Broccoli Mango Salad,merged_010_65d4975d977bcd0001feee76.json,N/A,Merged
group_24,Coconut Amino Garlic Broccoli,330_65d495dc977bcd0001fee655.json,104,Published
group_24,Coconut Amino Garlic Broccoli,333_65d495dc977bcd0001fee655.json,104,Removed
group_24,MERGED: Coconut Amino Garlic Broccoli,merged_330_65d495dc977bcd0001fee655.json,N/A,Merged
group_25,Red Cabbage Tamarind Salad,045_65d496cd977bcd0001feeb9e.json,105,Published
group_25,Red Cabbage Tamarind Salad,042_65d496cd977bcd0001feeb9e.json,105,Removed
group_25,MERGED: Red Cabbage Tamarind Salad,merged_045_65d496cd977bcd0001feeb9e.json,N/A,Merged
group_26,Squid In Creamy Ink,233_65d4969c977bcd0001feea77.json,110,Published
group_26,Squid In Creamy Ink,236_65d4969c977bcd0001feea77.json,110,Removed
group_26,MERGED: Squid In Creamy Ink,merged_233_65d4969c977bcd0001feea77.json,N/A,Merged
group_27,Sarsiadong Kamatis,283_65d4963c977bcd0001fee86c.json,108,Published
group_27,Sarsiadong Kamatis,280_65d4963c977bcd0001fee86c.json,108,Removed
group_27,MERGED: Sarsiadong Kamatis,merged_283_65d4963c977bcd0001fee86c.json,N/A,Merged
group_28,Ground Beef With Cheese,146_65d49761977bcd0001feee8f.json,109,Published
group_28,Ground Beef With Cheese,149_65d49761977bcd0001feee8f.json,109,Removed
group_28,MERGED: Ground Beef With Cheese,merged_146_65d49761977bcd0001feee8f.json,N/A,Merged
group_29,Tuna Sashimi Dinner,211_65d496c9977bcd0001feeb84.json,101,Published
group_29,Tuna Sashimi Dinner,208_65d496c9977bcd0001feeb84.json,101,Removed
group_29,MERGED: Tuna Sashimi Dinner,merged_211_65d496c9977bcd0001feeb84.json,N/A,Merged
group_30,Kangkong In Coconut Cream,289_65d49630977bcd0001fee834.json,108,Published
group_30,Kangkong In Coconut Cream,286_65d49630977bcd0001fee834.json,108,Removed
group_30,MERGED: Kangkong In Coconut Cream,merged_289_65d49630977bcd0001fee834.json,N/A,Merged
group_31,Chia Almond Pudding,220_65d496b9977bcd0001feeb26.json,105,Published
group_31,Chia Almond Pudding,217_65d496b9977bcd0001feeb26.json,105,Removed
group_31,MERGED: Chia Almond Pudding,merged_220_65d496b9977bcd0001feeb26.json,N/A,Merged
group_32,2018/10/11 Dinner Red Cabbage Cumin,214_65d496c4977bcd0001feeb66.json,110,Published
group_32,2018/10/11 Dinner Red Cabbage Cumin,211_65d496c4977bcd0001feeb66.json,110,Removed
group_32,MERGED: 2018/10/11 Dinner Red Cabbage Cumin,merged_214_65d496c4977bcd0001feeb66.json,N/A,Merged
group_33,2018/11/08 Dinner Mackerel,164_65d49739977bcd0001feedb8.json,99,Published
group_33,2018/11/08 Dinner Mackerel,161_65d49739977bcd0001feedb8.json,99,Removed
group_33,MERGED: 2018/11/08 Dinner Mackerel,merged_164_65d49739977bcd0001feedb8.json,N/A,Merged
group_34,Ground Beef With Cheese,139_65d4976d977bcd0001feeeca.json,109,Published
group_34,Ground Beef With Cheese,142_65d4976d977bcd0001feeeca.json,109,Removed
group_34,MERGED: Ground Beef With Cheese,merged_139_65d4976d977bcd0001feeeca.json,N/A,Merged
group_35,Seafood City Sauteed Scallops With Veggies,066_65d49669977bcd0001fee967.json,108,Published
group_35,Seafood City Sauteed Scallops With Veggies,063_65d49669977bcd0001fee967.json,108,Removed
group_35,MERGED: Seafood City Sauteed Scallops With Veggies,merged_066_65d49669977bcd0001fee967.json,N/A,Merged
group_36,Banana Blossom In Coconut Milk,299_65d4961d977bcd0001fee7cb.json,104,Published
group_36,Banana Blossom In Coconut Milk,296_65d4961d977bcd0001fee7cb.json,104,Removed
group_36,MERGED: Banana Blossom In Coconut Milk,merged_299_65d4961d977bcd0001fee7cb.json,N/A,Merged
group_37,Beef Bellpepper Bolognaise,023_65d49714977bcd0001feecfc.json,110,Published
group_37,Beef Bellpepper Bolognaise,026_65d49714977bcd0001feecfc.json,110,Removed
group_37,MERGED: Beef Bellpepper Bolognaise,merged_023_65d49714977bcd0001feecfc.json,N/A,Merged
group_38,Jackfruit In Coconut Milk,276_65d49649977bcd0001fee8b5.json,106,Published
group_38,Jackfruit In Coconut Milk,273_65d49649977bcd0001fee8b5.json,106,Removed
group_38,MERGED: Jackfruit In Coconut Milk,merged_276_65d49649977bcd0001fee8b5.json,N/A,Merged
group_39,Eggplant Bellpepper Pesto,317_65d495f9977bcd0001fee6fe.json,105,Published
group_39,Eggplant Bellpepper Pesto,314_65d495f9977bcd0001fee6fe.json,105,Removed
group_39,MERGED: Eggplant Bellpepper Pesto,merged_317_65d495f9977bcd0001fee6fe.json,N/A,Merged
group_40,Egg Garlic Spread,075_65d4964f977bcd0001fee8d2.json,104,Published
group_40,Egg Garlic Spread,072_65d4964f977bcd0001fee8d2.json,104,Removed
group_40,MERGED: Egg Garlic Spread,merged_075_65d4964f977bcd0001fee8d2.json,N/A,Merged
group_41,02/06/2019 Beef Sukiyaki Carrot Noodles,169_65d4972a977bcd0001feed6c.json,110,Published
group_41,02/06/2019 Beef Sukiyaki Carrot Noodles,172_65d4972a977bcd0001feed6c.json,110,Removed
group_41,MERGED: 02/06/2019 Beef Sukiyaki Carrot Noodles,merged_169_65d4972a977bcd0001feed6c.json,N/A,Merged
group_42,Adlai Bellpepper Rice,309_65d49605977bcd0001fee745.json,103,Published
group_42,Adlai Bellpepper Rice,306_65d49605977bcd0001fee745.json,103,Removed
group_42,MERGED: Adlai Bellpepper Rice,merged_309_65d49605977bcd0001fee745.json,N/A,Merged
group_43,Kimchi Spinach Adlai Mix,140_65d4976c977bcd0001feeec2.json,110,Published
group_43,Kimchi Spinach Adlai Mix,143_65d4976c977bcd0001feeec2.json,110,Removed
group_43,MERGED: Kimchi Spinach Adlai Mix,merged_140_65d4976c977bcd0001feeec2.json,N/A,Merged
group_44,2018/11/06 Lunch Tilapia Caulirice,231_65d4969f977bcd0001feea87.json,105,Published
group_44,2018/11/06 Lunch Tilapia Caulirice,234_65d4969f977bcd0001feea87.json,105,Removed
group_44,MERGED: 2018/11/06 Lunch Tilapia Caulirice,merged_231_65d4969f977bcd0001feea87.json,N/A,Merged
group_45,Teryaki Onion,325_65d495e5977bcd0001fee68b.json,98,Published
group_45,Teryaki Onion,328_65d495e5977bcd0001fee68b.json,98,Removed
group_45,MERGED: Teryaki Onion,merged_325_65d495e5977bcd0001fee68b.json,N/A,Merged
group_46,Taragon Buttered Tuna,061_65d49679977bcd0001fee9c0.json,105,Published
group_46,Taragon Buttered Tuna,064_65d49679977bcd0001fee9c0.json,105,Removed
group_46,MERGED: Taragon Buttered Tuna,merged_061_65d49679977bcd0001fee9c0.json,N/A,Merged
group_47,Vegetable Platter,020_65d49734977bcd0001feeda3.json,109,Published
group_47,Vegetable Platter,017_65d49734977bcd0001feeda3.json,109,Removed
group_47,MERGED: Vegetable Platter,merged_020_65d49734977bcd0001feeda3.json,N/A,Merged
group_48,Tortang Dulong,258_65d49670977bcd0001fee98e.json,105,Published
group_48,Tortang Dulong,255_65d49670977bcd0001fee98e.json,105,Removed
group_48,MERGED: Tortang Dulong,merged_258_65d49670977bcd0001fee98e.json,N/A,Merged
group_49,2019/10/01 Dinner,265_65d49663977bcd0001fee941.json,104,Published
group_49,2019/10/01 Dinner,262_65d49663977bcd0001fee941.json,104,Removed
group_49,MERGED: 2019/10/01 Dinner,merged_265_65d49663977bcd0001fee941.json,N/A,Merged
group_50,Edamame Pasta Meal,132_65d4978f977bcd0001feef41.json,110,Published
group_50,Edamame Pasta Meal,129_65d4978f977bcd0001feef41.json,110,Removed
group_50,MERGED: Edamame Pasta Meal,merged_132_65d4978f977bcd0001feef41.json,N/A,Merged
group_51,Boiled Eggplant Ensalada,102_65d495c1977bcd0001fee5ba.json,104,Published
group_51,Boiled Eggplant Ensalada,105_65d495c1977bcd0001fee5ba.json,104,Removed
group_51,MERGED: Boiled Eggplant Ensalada,merged_102_65d495c1977bcd0001fee5ba.json,N/A,Merged
group_52,Pan Grilled Bangus,242_65d4968b977bcd0001feea18.json,103,Published
group_52,Pan Grilled Bangus,245_65d4968b977bcd0001feea18.json,103,Removed
group_52,MERGED: Pan Grilled Bangus,merged_242_65d4968b977bcd0001feea18.json,N/A,Merged
group_53,Garlic Pepper Salmon Belly,111_65d497b6977bcd0001feefff.json,97,Published
group_53,Garlic Pepper Salmon Belly,114_65d497b6977bcd0001feefff.json,97,Removed
group_53,MERGED: Garlic Pepper Salmon Belly,merged_111_65d497b6977bcd0001feefff.json,N/A,Merged
group_54,2018/11/20 Lunch,117_65d497ac977bcd0001feefd3.json,99,Published
group_54,2018/11/20 Lunch,120_65d497ac977bcd0001feefd3.json,99,Removed
group_54,MERGED: 2018/11/20 Lunch,merged_117_65d497ac977bcd0001feefd3.json,N/A,Merged
group_55,Garlic Cheddar Cauliflower,277_65d49644977bcd0001fee897.json,107,Published
group_55,Garlic Cheddar Cauliflower,280_65d49644977bcd0001fee897.json,107,Removed
group_55,MERGED: Garlic Cheddar Cauliflower,merged_277_65d49644977bcd0001fee897.json,N/A,Merged
group_56,Ensaladang Kamatis,345_65d495c5977bcd0001fee5d1.json,106,Published
group_56,Ensaladang Kamatis,342_65d495c5977bcd0001fee5d1.json,106,Removed
group_56,MERGED: Ensaladang Kamatis,merged_345_65d495c5977bcd0001fee5d1.json,N/A,Merged
group_57,Scrambled Egg With Bacon Mushroom,155_65d4974d977bcd0001feee27.json,104,Published
group_57,Scrambled Egg With Bacon Mushroom,152_65d4974d977bcd0001feee27.json,104,Removed
group_57,MERGED: Scrambled Egg With Bacon Mushroom,merged_155_65d4974d977bcd0001feee27.json,N/A,Merged
group_58,Naked Burrito,014_65d49752977bcd0001feee41.json,110,Published
group_58,Naked Burrito,011_65d49752977bcd0001feee41.json,110,Removed
group_58,MERGED: Naked Burrito,merged_014_65d49752977bcd0001feee41.json,N/A,Merged
group_59,Carrot Adlai Garlic Rice,305_65d49607977bcd0001fee74d.json,104,Published
group_59,Carrot Adlai Garlic Rice,308_65d49607977bcd0001fee74d.json,104,Removed
group_59,MERGED: Carrot Adlai Garlic Rice,merged_305_65d49607977bcd0001fee74d.json,N/A,Merged
group_60,Soy Chocolate Collagen,293_65d49627977bcd0001fee801.json,103,Published
group_60,Soy Chocolate Collagen,290_65d49627977bcd0001fee801.json,103,Removed
group_60,MERGED: Soy Chocolate Collagen,merged_293_65d49627977bcd0001fee801.json,N/A,Merged
group_61,2018/10/22 Broccoli Beef Bowl,151_65d49753977bcd0001feee49.json,110,Published
group_61,2018/10/22 Broccoli Beef Bowl,154_65d49753977bcd0001feee49.json,110,Removed
group_61,MERGED: 2018/10/22 Broccoli Beef Bowl,merged_151_65d49753977bcd0001feee49.json,N/A,Merged
group_62,Zucchini Corn Radish Salad,324_65d495ef977bcd0001fee6c1.json,107,Published
group_62,Zucchini Corn Radish Salad,321_65d495ef977bcd0001fee6c1.json,107,Removed
group_62,MERGED: Zucchini Corn Radish Salad,merged_324_65d495ef977bcd0001fee6c1.json,N/A,Merged
group_63,Soy Free Beef Steak,080_65d4963b977bcd0001fee864.json,105,Published
group_63,Soy Free Beef Steak,077_65d4963b977bcd0001fee864.json,105,Removed
group_63,MERGED: Soy Free Beef Steak,merged_080_65d4963b977bcd0001fee864.json,N/A,Merged
group_64,Sweet Garlic Chicken,167_65d49731977bcd0001feed93.json,105,Published
group_64,Sweet Garlic Chicken,164_65d49731977bcd0001feed93.json,105,Removed
group_64,MERGED: Sweet Garlic Chicken,merged_167_65d49731977bcd0001feed93.json,N/A,Merged
group_65,Banana Blossom Beef Sisig,264_65d49660977bcd0001fee933.json,107,Published
group_65,Banana Blossom Beef Sisig,267_65d49660977bcd0001fee933.json,107,Removed
group_65,MERGED: Banana Blossom Beef Sisig,merged_264_65d49660977bcd0001fee933.json,N/A,Merged
group_66,2019/01/15 Tuesday Dinner,263_65d49668977bcd0001fee960.json,107,Published
group_66,2019/01/15 Tuesday Dinner,260_65d49668977bcd0001fee960.json,107,Removed
group_66,MERGED: 2019/01/15 Tuesday Dinner,merged_263_65d49668977bcd0001fee960.json,N/A,Merged
group_67,Ribeye Quinoa Bowl,130_65d4978d977bcd0001feef3a.json,106,Published
group_67,Ribeye Quinoa Bowl,133_65d4978d977bcd0001feef3a.json,106,Removed
group_67,MERGED: Ribeye Quinoa Bowl,merged_130_65d4978d977bcd0001feef3a.json,N/A,Merged
group_68,Dory Blossom Salad,282_65d49639977bcd0001fee854.json,110,Published
group_68,Dory Blossom Salad,285_65d49639977bcd0001fee854.json,110,Removed
group_68,MERGED: Dory Blossom Salad,merged_282_65d49639977bcd0001fee854.json,N/A,Merged
group_69,Parmesan Corn,089_65d49609977bcd0001fee75d.json,98,Published
group_69,Parmesan Corn,092_65d49609977bcd0001fee75d.json,98,Removed
group_69,MERGED: Parmesan Corn,merged_089_65d49609977bcd0001fee75d.json,N/A,Merged
group_70,Kimchi Bone Marrow Ramen,061_65d49686977bcd0001feea0a.json,110,Published
group_70,Kimchi Bone Marrow Ramen,058_65d49686977bcd0001feea0a.json,110,Removed
group_70,MERGED: Kimchi Bone Marrow Ramen,merged_061_65d49686977bcd0001feea0a.json,N/A,Merged
group_71,Chopseuy,100_65d495db977bcd0001fee64e.json,110,Published
group_71,Chopseuy,097_65d495db977bcd0001fee64e.json,110,Removed
group_71,MERGED: Chopseuy,merged_100_65d495db977bcd0001fee64e.json,N/A,Merged
group_72,Dried Chicken Arrozcaldo,153_65d4974a977bcd0001feee16.json,109,Published
group_72,Dried Chicken Arrozcaldo,156_65d4974a977bcd0001feee16.json,109,Removed
group_72,MERGED: Dried Chicken Arrozcaldo,merged_153_65d4974a977bcd0001feee16.json,N/A,Merged
group_73,Eggplant Egg,340_65d495ce977bcd0001fee608.json,102,Published
group_73,Eggplant Egg,337_65d495ce977bcd0001fee608.json,102,Removed
group_73,MERGED: Eggplant Egg,merged_340_65d495ce977bcd0001fee608.json,N/A,Merged
group_74,Vegetable Tamarind Miso Sinigang (Sour Soup),086_65d49619977bcd0001fee7b5.json,110,Published
group_74,Vegetable Tamarind Miso Sinigang (Sour Soup),083_65d49619977bcd0001fee7b5.json,110,Removed
group_74,MERGED: Vegetable Tamarind Miso Sinigang (Sour Soup),merged_086_65d49619977bcd0001fee7b5.json,N/A,Merged
group_75,Balsamic Cabbage Slaw,090_65d49602977bcd0001fee735.json,102,Published
group_75,Balsamic Cabbage Slaw,093_65d49602977bcd0001fee735.json,102,Removed
group_75,MERGED: Balsamic Cabbage Slaw,merged_090_65d49602977bcd0001fee735.json,N/A,Merged
group_76,Pumpkin Carrot Spinach Soup,297_65d4961a977bcd0001fee7bb.json,110,Published
group_76,Pumpkin Carrot Spinach Soup,300_65d4961a977bcd0001fee7bb.json,110,Removed
group_76,MERGED: Pumpkin Carrot Spinach Soup,merged_297_65d4961a977bcd0001fee7bb.json,N/A,Merged
group_77,Angus Steak And Salad,137_65d49776977bcd0001feeefa.json,109,Published
group_77,Angus Steak And Salad,134_65d49776977bcd0001feeefa.json,109,Removed
group_77,MERGED: Angus Steak And Salad,merged_137_65d49776977bcd0001feeefa.json,N/A,Merged
group_78,Beef Kangkong In Soy,275_65d49647977bcd0001fee8a6.json,106,Published
group_78,Beef Kangkong In Soy,278_65d49647977bcd0001fee8a6.json,106,Removed
group_78,MERGED: Beef Kangkong In Soy,merged_275_65d49647977bcd0001fee8a6.json,N/A,Merged
group_79,Chicken Squash Soup,231_65d496a3977bcd0001feea9e.json,108,Published
group_79,Chicken Squash Soup,228_65d496a3977bcd0001feea9e.json,108,Removed
group_79,MERGED: Chicken Squash Soup,merged_231_65d496a3977bcd0001feea9e.json,N/A,Merged
group_80,Green Bellpepper And Carrot,328_65d495e0977bcd0001fee66d.json,99,Published
group_80,Green Bellpepper And Carrot,331_65d495e0977bcd0001fee66d.json,99,Removed
group_80,MERGED: Green Bellpepper And Carrot,merged_328_65d495e0977bcd0001fee66d.json,N/A,Merged
group_81,2018/10/24 Breakfast Broccoli Salad,223_65d496ae977bcd0001feeae4.json,108,Published
group_81,2018/10/24 Breakfast Broccoli Salad,226_65d496ae977bcd0001feeae4.json,108,Removed
group_81,MERGED: 2018/10/24 Breakfast Broccoli Salad,merged_223_65d496ae977bcd0001feeae4.json,N/A,Merged
group_82,Tomato Spinach Fusilli Pasta,230_65d496a0977bcd0001feea8f.json,108,Published
group_82,Tomato Spinach Fusilli Pasta,233_65d496a0977bcd0001feea8f.json,108,Removed
group_82,MERGED: Tomato Spinach Fusilli Pasta,merged_230_65d496a0977bcd0001feea8f.json,N/A,Merged
group_83,Yellow Zucchini Pesto Past,185_65d49708977bcd0001feecc1.json,106,Published
group_83,Yellow Zucchini Pesto Past,182_65d49708977bcd0001feecc1.json,106,Removed
group_83,MERGED: Yellow Zucchini Pesto Past,merged_185_65d49708977bcd0001feecc1.json,N/A,Merged
group_84,Omega 3 Infused Asparagus,104_65d495c6977bcd0001fee5d9.json,102,Published
group_84,Omega 3 Infused Asparagus,101_65d495c6977bcd0001fee5d9.json,102,Removed
group_84,MERGED: Omega 3 Infused Asparagus,merged_104_65d495c6977bcd0001fee5d9.json,N/A,Merged
group_85,2019/01/05 Salad Stop Make Your Own,246_65d49682977bcd0001fee9f2.json,110,Published
group_85,2019/01/05 Salad Stop Make Your Own,243_65d49682977bcd0001fee9f2.json,110,Removed
group_85,MERGED: 2019/01/05 Salad Stop Make Your Own,merged_246_65d49682977bcd0001fee9f2.json,N/A,Merged
group_86,Eggplant In Caramelized Tomato,343_65d495ca977bcd0001fee5f0.json,104,Published
group_86,Eggplant In Caramelized Tomato,340_65d495ca977bcd0001fee5f0.json,104,Removed
group_86,MERGED: Eggplant In Caramelized Tomato,merged_343_65d495ca977bcd0001fee5f0.json,N/A,Merged
group_87,Mashed Unripe Plantain,067_65d4965b977bcd0001fee915.json,105,Published
group_87,Mashed Unripe Plantain,070_65d4965b977bcd0001fee915.json,105,Removed
group_87,MERGED: Mashed Unripe Plantain,merged_067_65d4965b977bcd0001fee915.json,N/A,Merged
group_88,Taco Omellete In Bellpepper,267_65d49658977bcd0001fee906.json,109,Published
group_88,Taco Omellete In Bellpepper,270_65d49658977bcd0001fee906.json,109,Removed
group_88,MERGED: Taco Omellete In Bellpepper,merged_267_65d49658977bcd0001fee906.json,N/A,Merged
group_89,Camomile Cranberry Green Milk Tea,335_65d495d2977bcd0001fee620.json,102,Published
group_89,Camomile Cranberry Green Milk Tea,338_65d495d2977bcd0001fee620.json,102,Removed
group_89,MERGED: Camomile Cranberry Green Milk Tea,merged_335_65d495d2977bcd0001fee620.json,N/A,Merged
group_90,Globe Lunch,214_65d496bd977bcd0001feeb3b.json,103,Published
group_90,Globe Lunch,217_65d496bd977bcd0001feeb3b.json,103,Removed
group_90,MERGED: Globe Lunch,merged_214_65d496bd977bcd0001feeb3b.json,N/A,Merged
group_91,Beef Yakiniku,063_65d49684977bcd0001fee9f9.json,107,Published
group_91,Beef Yakiniku,060_65d49684977bcd0001fee9f9.json,107,Removed
group_91,MERGED: Beef Yakiniku,merged_063_65d49684977bcd0001fee9f9.json,N/A,Merged
group_92,Bellpepper Quinoa,079_65d4962d977bcd0001fee826.json,102,Published
group_92,Bellpepper Quinoa,082_65d4962d977bcd0001fee826.json,102,Removed
group_92,MERGED: Bellpepper Quinoa,merged_079_65d4962d977bcd0001fee826.json,N/A,Merged
group_93,Cream Dory Beet Pesto Pasta,254_65d49677977bcd0001fee9b2.json,108,Published
group_93,Cream Dory Beet Pesto Pasta,251_65d49677977bcd0001fee9b2.json,108,Removed
group_93,MERGED: Cream Dory Beet Pesto Pasta,merged_254_65d49677977bcd0001fee9b2.json,N/A,Merged
group_94,Low Sugar Adlai Arrozcaldo,016_65d4974f977bcd0001feee30.json,108,Published
group_94,Low Sugar Adlai Arrozcaldo,013_65d4974f977bcd0001feee30.json,108,Removed
group_94,MERGED: Low Sugar Adlai Arrozcaldo,merged_016_65d4974f977bcd0001feee30.json,N/A,Merged
group_95,Shirataki Cashew Pesto,307_65d49604977bcd0001fee73d.json,103,Published
group_95,Shirataki Cashew Pesto,310_65d49604977bcd0001fee73d.json,103,Removed
group_95,MERGED: Shirataki Cashew Pesto,merged_307_65d49604977bcd0001fee73d.json,N/A,Merged
group_96,03/21 Cheap Steak,121_65d497ab977bcd0001feefca.json,110,Published
group_96,03/21 Cheap Steak,118_65d497ab977bcd0001feefca.json,110,Removed
group_96,MERGED: 03/21 Cheap Steak,merged_121_65d497ab977bcd0001feefca.json,N/A,Merged
group_97,Guacamole,080_65d49629977bcd0001fee810.json,104,Published
group_97,Guacamole,083_65d49629977bcd0001fee810.json,104,Removed
group_97,MERGED: Guacamole,merged_080_65d49629977bcd0001fee810.json,N/A,Merged
group_98,Tinola,245_65d49680977bcd0001fee9e3.json,107,Published
group_98,Tinola,248_65d49680977bcd0001fee9e3.json,107,Removed
group_98,MERGED: Tinola,merged_245_65d49680977bcd0001fee9e3.json,N/A,Merged
group_99,Garlic Egg Drop Bacon Soup,039_65d496d7977bcd0001feebda.json,109,Published
group_99,Garlic Egg Drop Bacon Soup,042_65d496d7977bcd0001feebda.json,109,Removed
group_99,MERGED: Garlic Egg Drop Bacon Soup,merged_039_65d496d7977bcd0001feebda.json,N/A,Merged
group_100,Beef Carrot Sweet Ginger,204_65d496d3977bcd0001feebc5.json,110,Published
group_100,Beef Carrot Sweet Ginger,207_65d496d3977bcd0001feebc5.json,110,Removed
group_100,MERGED: Beef Carrot Sweet Ginger,merged_204_65d496d3977bcd0001feebc5.json,N/A,Merged
group_101,Honey Garlic Beef Yakiniku With Carrot Pasta,194_65d496ec977bcd0001feec39.json,105,Published
group_101,Honey Garlic Beef Yakiniku With Carrot Pasta,191_65d496ec977bcd0001feec39.json,105,Removed
group_101,MERGED: Honey Garlic Beef Yakiniku With Carrot Pasta,merged_194_65d496ec977bcd0001feec39.json,N/A,Merged
group_102,Low Cal Refreshing Salad,230_65d496a4977bcd0001feeaa7.json,107,Published
group_102,Low Cal Refreshing Salad,227_65d496a4977bcd0001feeaa7.json,107,Removed
group_102,MERGED: Low Cal Refreshing Salad,merged_230_65d496a4977bcd0001feeaa7.json,N/A,Merged
group_103,2018/12/05 Burger Lunch,167_65d4972d977bcd0001feed7b.json,105,Published
group_103,2018/12/05 Burger Lunch,170_65d4972d977bcd0001feed7b.json,105,Removed
group_103,MERGED: 2018/12/05 Burger Lunch,merged_167_65d4972d977bcd0001feed7b.json,N/A,Merged
group_104,Bolognese Sauce,060_65d49688977bcd0001feea11.json,103,Published
group_104,Bolognese Sauce,057_65d49688977bcd0001feea11.json,103,Removed
group_104,MERGED: Bolognese Sauce,merged_060_65d49688977bcd0001feea11.json,N/A,Merged
group_105,Flourless Takoyaki,087_65d49618977bcd0001fee7ae.json,105,Published
group_105,Flourless Takoyaki,084_65d49618977bcd0001fee7ae.json,105,Removed
group_105,MERGED: Flourless Takoyaki,merged_087_65d49618977bcd0001fee7ae.json,N/A,Merged
group_106,Dynamite,076_65d4964a977bcd0001fee8bc.json,106,Published
group_106,Dynamite,073_65d4964a977bcd0001fee8bc.json,106,Removed
group_106,MERGED: Dynamite,merged_076_65d4964a977bcd0001fee8bc.json,N/A,Merged
group_107,Eggplant Lasagna,043_65d496d1977bcd0001feebb6.json,110,Published
group_107,Eggplant Lasagna,040_65d496d1977bcd0001feebb6.json,110,Removed
group_107,MERGED: Eggplant Lasagna,merged_043_65d496d1977bcd0001feebb6.json,N/A,Merged
group_108,Orange Amino Sauce,347_65d495c3977bcd0001fee5c1.json,102,Published
group_108,Orange Amino Sauce,344_65d495c3977bcd0001fee5c1.json,102,Removed
group_108,MERGED: Orange Amino Sauce,merged_347_65d495c3977bcd0001fee5c1.json,N/A,Merged
group_109,Bokchoy Shitake Veggies,317_65d495f4977bcd0001fee6e0.json,108,Published
group_109,Bokchoy Shitake Veggies,320_65d495f4977bcd0001fee6e0.json,108,Removed
group_109,MERGED: Bokchoy Shitake Veggies,merged_317_65d495f4977bcd0001fee6e0.json,N/A,Merged
group_110,No Oil French Toast,294_65d49625977bcd0001fee7f9.json,103,Published
group_110,No Oil French Toast,291_65d49625977bcd0001fee7f9.json,103,Removed
group_110,MERGED: No Oil French Toast,merged_294_65d49625977bcd0001fee7f9.json,N/A,Merged
group_111,2018/10/09 Dinner Vegetables (Meat Is Chicken Tomato),201_65d496d9977bcd0001feebe0.json,109,Published
group_111,2018/10/09 Dinner Vegetables (Meat Is Chicken Tomato),204_65d496d9977bcd0001feebe0.json,109,Removed
group_111,MERGED: 2018/10/09 Dinner Vegetables (Meat Is Chicken Tomato),merged_201_65d496d9977bcd0001feebe0.json,N/A,Merged
group_112,Salmon Vegetable Pancake (Copy),003_65d49795977bcd0001feef61.json,110,Published
group_112,Salmon Vegetable Pancake (Copy),006_65d49795977bcd0001feef61.json,110,Removed
group_112,MERGED: Salmon Vegetable Pancake (Copy),merged_003_65d49795977bcd0001feef61.json,N/A,Merged
group_113,2018/11/28 Dinner,178_65d49720977bcd0001feed38.json,108,Published
group_113,2018/11/28 Dinner,175_65d49720977bcd0001feed38.json,108,Removed
group_113,MERGED: 2018/11/28 Dinner,merged_178_65d49720977bcd0001feed38.json,N/A,Merged
group_114,Rainbow Chicken,288_65d49631977bcd0001fee83b.json,107,Published
group_114,Rainbow Chicken,285_65d49631977bcd0001fee83b.json,107,Removed
group_114,MERGED: Rainbow Chicken,merged_288_65d49631977bcd0001fee83b.json,N/A,Merged
group_115,Adobo Puttanesca,136_65d4977c977bcd0001feef1a.json,110,Published
group_115,Adobo Puttanesca,133_65d4977c977bcd0001feef1a.json,110,Removed
group_115,MERGED: Adobo Puttanesca,merged_136_65d4977c977bcd0001feef1a.json,N/A,Merged
group_116,Tuna Tomato Bowl,027_65d49712977bcd0001feecf4.json,110,Published
group_116,Tuna Tomato Bowl,024_65d49712977bcd0001feecf4.json,110,Removed
group_116,MERGED: Tuna Tomato Bowl,merged_027_65d49712977bcd0001feecf4.json,N/A,Merged
group_117,Cucumber Ensalada,342_65d495cb977bcd0001fee5f8.json,103,Published
group_117,Cucumber Ensalada,339_65d495cb977bcd0001fee5f8.json,103,Removed
group_117,MERGED: Cucumber Ensalada,merged_342_65d495cb977bcd0001fee5f8.json,N/A,Merged
group_118,Salad Stop Create Your Own,327_65d495e7977bcd0001fee692.json,110,Published
group_118,Salad Stop Create Your Own,324_65d495e7977bcd0001fee692.json,110,Removed
group_118,MERGED: Salad Stop Create Your Own,merged_327_65d495e7977bcd0001fee692.json,N/A,Merged
group_119,Healthtyfied Kimchi Curry Soup,147_65d4975b977bcd0001feee6d.json,110,Published
group_119,Healthtyfied Kimchi Curry Soup,150_65d4975b977bcd0001feee6d.json,110,Removed
group_119,MERGED: Healthtyfied Kimchi Curry Soup,merged_147_65d4975b977bcd0001feee6d.json,N/A,Merged
group_120,Zucchini Carrot Tomato Pesto Pasta,174_65d49727977bcd0001feed5d.json,108,Published
group_120,Zucchini Carrot Tomato Pesto Pasta,171_65d49727977bcd0001feed5d.json,108,Removed
group_120,MERGED: Zucchini Carrot Tomato Pesto Pasta,merged_174_65d49727977bcd0001feed5d.json,N/A,Merged
group_121,Cajun Shrimp,054_65d496a9977bcd0001feeac5.json,108,Published
group_121,Cajun Shrimp,051_65d496a9977bcd0001feeac5.json,108,Removed
group_121,MERGED: Cajun Shrimp,merged_054_65d496a9977bcd0001feeac5.json,N/A,Merged
group_122,Mashed Sweet Potato,298_65d49616977bcd0001fee7a7.json,102,Published
group_122,Mashed Sweet Potato,301_65d49616977bcd0001fee7a7.json,102,Removed
group_122,MERGED: Mashed Sweet Potato,merged_298_65d49616977bcd0001fee7a7.json,N/A,Merged
group_123,Tomato Alpine Penne Pasta,277_65d49648977bcd0001fee8ae.json,106,Published
group_123,Tomato Alpine Penne Pasta,274_65d49648977bcd0001fee8ae.json,106,Removed
group_123,MERGED: Tomato Alpine Penne Pasta,merged_277_65d49648977bcd0001fee8ae.json,N/A,Merged
group_124,Gusto! Sesame Soy Bowl All Green No Sauce,176_65d49723977bcd0001feed46.json,107,Published
group_124,Gusto! Sesame Soy Bowl All Green No Sauce,173_65d49723977bcd0001feed46.json,107,Removed
group_124,MERGED: Gusto! Sesame Soy Bowl All Green No Sauce,merged_176_65d49723977bcd0001feed46.json,N/A,Merged
group_125,Creamy Pesto Potato Salad,247_65d4967d977bcd0001fee9d5.json,106,Published
group_125,Creamy Pesto Potato Salad,250_65d4967d977bcd0001fee9d5.json,106,Removed
group_125,MERGED: Creamy Pesto Potato Salad,merged_247_65d4967d977bcd0001fee9d5.json,N/A,Merged
group_126,Soy Veggies,084_65d49622977bcd0001fee7eb.json,110,Published
group_126,Soy Veggies,081_65d49622977bcd0001fee7eb.json,110,Removed
group_126,MERGED: Soy Veggies,merged_084_65d49622977bcd0001fee7eb.json,N/A,Merged
group_127,Sweet Style Carrot Spaghetti,155_65d49744977bcd0001feedf6.json,105,Published
group_127,Sweet Style Carrot Spaghetti,158_65d49744977bcd0001feedf6.json,105,Removed
group_127,MERGED: Sweet Style Carrot Spaghetti,merged_155_65d49744977bcd0001feedf6.json,N/A,Merged
group_128,Ginataang Tambakol (Yellow Fin Tuna),198_65d496e5977bcd0001feec19.json,108,Published
group_128,Ginataang Tambakol (Yellow Fin Tuna),195_65d496e5977bcd0001feec19.json,108,Removed
group_128,MERGED: Ginataang Tambakol (Yellow Fin Tuna),merged_198_65d496e5977bcd0001feec19.json,N/A,Merged
group_129,Coconut Banana Pancake,237_65d4969a977bcd0001feea71.json,106,Published
group_129,Coconut Banana Pancake,234_65d4969a977bcd0001feea71.json,106,Removed
group_129,MERGED: Coconut Banana Pancake,merged_237_65d4969a977bcd0001feea71.json,N/A,Merged
group_130,Rice Alt Buttered Carrot And Beans,097_65d495e9977bcd0001fee6a2.json,103,Published
group_130,Rice Alt Buttered Carrot And Beans,094_65d495e9977bcd0001fee6a2.json,103,Removed
group_130,MERGED: Rice Alt Buttered Carrot And Beans,merged_097_65d495e9977bcd0001fee6a2.json,N/A,Merged
group_131,Balsamic Chicken Tomato Salad,281_65d4963a977bcd0001fee85d.json,107,Published
group_131,Balsamic Chicken Tomato Salad,284_65d4963a977bcd0001fee85d.json,107,Removed
group_131,MERGED: Balsamic Chicken Tomato Salad,merged_281_65d4963a977bcd0001fee85d.json,N/A,Merged
group_132,Greek Yogurt Vinaigrette,287_65d49635977bcd0001fee844.json,101,Published
group_132,Greek Yogurt Vinaigrette,284_65d49635977bcd0001fee844.json,101,Removed
group_132,MERGED: Greek Yogurt Vinaigrette,merged_287_65d49635977bcd0001fee844.json,N/A,Merged
group_133,High Protein Seafood Salad Without Sauce,197_65d496e1977bcd0001feec05.json,105,Published
group_133,High Protein Seafood Salad Without Sauce,200_65d496e1977bcd0001feec05.json,105,Removed
group_133,MERGED: High Protein Seafood Salad Without Sauce,merged_197_65d496e1977bcd0001feec05.json,N/A,Merged
group_134,Garlic Broccoli,093_65d495eb977bcd0001fee6aa.json,103,Published
group_134,Garlic Broccoli,096_65d495eb977bcd0001fee6aa.json,103,Removed
group_134,MERGED: Garlic Broccoli,merged_093_65d495eb977bcd0001fee6aa.json,N/A,Merged
group_135,Keto Almond Pita Egg Salami,123_65d497a7977bcd0001feefb9.json,101,Published
group_135,Keto Almond Pita Egg Salami,120_65d497a7977bcd0001feefb9.json,101,Removed
group_135,MERGED: Keto Almond Pita Egg Salami,merged_123_65d497a7977bcd0001feefb9.json,N/A,Merged
group_136,Pesto Pasta Oolong Tea With Meatballs,115_65d497af977bcd0001feefe1.json,105,Published
group_136,Pesto Pasta Oolong Tea With Meatballs,118_65d497af977bcd0001feefe1.json,105,Removed
group_136,MERGED: Pesto Pasta Oolong Tea With Meatballs,merged_115_65d497af977bcd0001feefe1.json,N/A,Merged
group_137,Pork And Mushrooms,033_65d496fd977bcd0001feec8e.json,110,Published
group_137,Pork And Mushrooms,030_65d496fd977bcd0001feec8e.json,110,Removed
group_137,MERGED: Pork And Mushrooms,merged_033_65d496fd977bcd0001feec8e.json,N/A,Merged
group_138,2018/10/26 Lunch Eggplant Salad,185_65d49704977bcd0001feecad.json,109,Published
group_138,2018/10/26 Lunch Eggplant Salad,188_65d49704977bcd0001feecad.json,109,Removed
group_138,MERGED: 2018/10/26 Lunch Eggplant Salad,merged_185_65d49704977bcd0001feecad.json,N/A,Merged
group_139,Tofu Sisig With Egg,072_65d49654977bcd0001fee8f3.json,110,Published
group_139,Tofu Sisig With Egg,069_65d49654977bcd0001fee8f3.json,110,Removed
group_139,MERGED: Tofu Sisig With Egg,merged_072_65d49654977bcd0001fee8f3.json,N/A,Merged
group_140,Tuna In Citrus Soy Sauce,041_65d496d0977bcd0001feebad.json,109,Published
group_140,Tuna In Citrus Soy Sauce,044_65d496d0977bcd0001feebad.json,109,Removed
group_140,MERGED: Tuna In Citrus Soy Sauce,merged_041_65d496d0977bcd0001feebad.json,N/A,Merged
group_141,Colorful Ensalada,334_65d495d4977bcd0001fee628.json,108,Published
group_141,Colorful Ensalada,337_65d495d4977bcd0001fee628.json,108,Removed
group_141,MERGED: Colorful Ensalada,merged_334_65d495d4977bcd0001fee628.json,N/A,Merged
group_142,Healthyfied Saturday Liver,124_65d497a5977bcd0001feefb1.json,104,Published
group_142,Healthyfied Saturday Liver,121_65d497a5977bcd0001feefb1.json,104,Removed
group_142,MERGED: Healthyfied Saturday Liver,merged_124_65d497a5977bcd0001feefb1.json,N/A,Merged
group_143,2010/10/10 Lunch,126_65d497a0977bcd0001feef99.json,102,Published
group_143,2010/10/10 Lunch,123_65d497a0977bcd0001feef99.json,102,Removed
group_143,MERGED: 2010/10/10 Lunch,merged_126_65d497a0977bcd0001feef99.json,N/A,Merged
group_144,Gourmet Pesto Chicken,268_65d4965f977bcd0001fee92a.json,103,Published
group_144,Gourmet Pesto Chicken,265_65d4965f977bcd0001fee92a.json,103,Removed
group_144,MERGED: Gourmet Pesto Chicken,merged_268_65d4965f977bcd0001fee92a.json,N/A,Merged
group_145,Herbed Beef Sukiyaki,278_65d49642977bcd0001fee888.json,110,Published
group_145,Herbed Beef Sukiyaki,281_65d49642977bcd0001fee888.json,110,Removed
group_145,MERGED: Herbed Beef Sukiyaki,merged_278_65d49642977bcd0001fee888.json,N/A,Merged
group_146,Binakol,044_65d496c6977bcd0001feeb6e.json,108,Published
group_146,Binakol,047_65d496c6977bcd0001feeb6e.json,108,Removed
group_146,MERGED: Binakol,merged_044_65d496c6977bcd0001feeb6e.json,N/A,Merged
group_147,No Bake Eggplant Lasagna,294_65d4961f977bcd0001fee7dc.json,110,Published
group_147,No Bake Eggplant Lasagna,297_65d4961f977bcd0001fee7dc.json,110,Removed
group_147,MERGED: No Bake Eggplant Lasagna,merged_294_65d4961f977bcd0001fee7dc.json,N/A,Merged
group_148,Beef With Mushroom,192_65d496ea977bcd0001feec30.json,110,Published
group_148,Beef With Mushroom,195_65d496ea977bcd0001feec30.json,110,Removed
group_148,MERGED: Beef With Mushroom,merged_192_65d496ea977bcd0001feec30.json,N/A,Merged
group_149,Sky High Fiber Honey Toast,055_65d49691977bcd0001feea40.json,104,Published
group_149,Sky High Fiber Honey Toast,058_65d49691977bcd0001feea40.json,104,Removed
group_149,MERGED: Sky High Fiber Honey Toast,merged_055_65d49691977bcd0001feea40.json,N/A,Merged
group_150,Tinolang Tahong,157_65d49747977bcd0001feee07.json,108,Published
group_150,Tinolang Tahong,154_65d49747977bcd0001feee07.json,108,Removed
group_150,MERGED: Tinolang Tahong,merged_157_65d49747977bcd0001feee07.json,N/A,Merged
group_151,Wagyupsal,022_65d49715977bcd0001feed04.json,110,Published
group_151,Wagyupsal,025_65d49715977bcd0001feed04.json,110,Removed
group_151,MERGED: Wagyupsal,merged_022_65d49715977bcd0001feed04.json,N/A,Merged
group_152,Adlai Carrot Fried Rice,289_65d49628977bcd0001fee809.json,105,Published
group_152,Adlai Carrot Fried Rice,292_65d49628977bcd0001fee809.json,105,Removed
group_152,MERGED: Adlai Carrot Fried Rice,merged_289_65d49628977bcd0001fee809.json,N/A,Merged
group_153,Radish Ensalada,095_65d495e4977bcd0001fee684.json,105,Published
group_153,Radish Ensalada,098_65d495e4977bcd0001fee684.json,105,Removed
group_153,MERGED: Radish Ensalada,merged_095_65d495e4977bcd0001fee684.json,N/A,Merged
group_154,Cream Dory Okra Adlai With Cane Vinegar Okra Dip,163_65d4973a977bcd0001feedc0.json,107,Published
group_154,Cream Dory Okra Adlai With Cane Vinegar Okra Dip,160_65d4973a977bcd0001feedc0.json,107,Removed
group_154,MERGED: Cream Dory Okra Adlai With Cane Vinegar Okra Dip,merged_163_65d4973a977bcd0001feedc0.json,N/A,Merged
group_155,Pesto Potato,318_65d495f3977bcd0001fee6d8.json,102,Published
group_155,Pesto Potato,321_65d495f3977bcd0001fee6d8.json,102,Removed
group_155,MERGED: Pesto Potato,merged_318_65d495f3977bcd0001fee6d8.json,N/A,Merged
group_156,Sweet Potato Pimento,206_65d496d5977bcd0001feebcc.json,104,Published
group_156,Sweet Potato Pimento,203_65d496d5977bcd0001feebcc.json,104,Removed
group_156,MERGED: Sweet Potato Pimento,merged_206_65d496d5977bcd0001feebcc.json,N/A,Merged
group_157,Beef Banana Blossom Pesto,224_65d496ad977bcd0001feeadd.json,105,Published
group_157,Beef Banana Blossom Pesto,227_65d496ad977bcd0001feeadd.json,105,Removed
group_157,MERGED: Beef Banana Blossom Pesto,merged_224_65d496ad977bcd0001feeadd.json,N/A,Merged
group_158,Coconut Tapioca Tortilla,229_65d496a1977bcd0001feea96.json,106,Published
group_158,Coconut Tapioca Tortilla,232_65d496a1977bcd0001feea96.json,106,Removed
group_158,MERGED: Coconut Tapioca Tortilla,merged_229_65d496a1977bcd0001feea96.json,N/A,Merged
group_159,2018/11/06 Dinner Chicke Gizzard,223_65d496b3977bcd0001feeb03.json,108,Published
group_159,2018/11/06 Dinner Chicke Gizzard,220_65d496b3977bcd0001feeb03.json,108,Removed
group_159,MERGED: 2018/11/06 Dinner Chicke Gizzard,merged_223_65d496b3977bcd0001feeb03.json,N/A,Merged
group_160,Steak With Asparagus Carrot Enoki,157_65d49740977bcd0001feedde.json,108,Published
group_160,Steak With Asparagus Carrot Enoki,160_65d49740977bcd0001feedde.json,108,Removed
group_160,MERGED: Steak With Asparagus Carrot Enoki,merged_157_65d49740977bcd0001feedde.json,N/A,Merged
group_161,Carrot Spaghetti With Meatballs,039_65d496ee977bcd0001feec41.json,108,Published
group_161,Carrot Spaghetti With Meatballs,036_65d496ee977bcd0001feec41.json,108,Removed
group_161,MERGED: Carrot Spaghetti With Meatballs,merged_039_65d496ee977bcd0001feec41.json,N/A,Merged
group_162,Creamy Egg Bellpepper Sesame,304_65d49608977bcd0001fee755.json,106,Published
group_162,Creamy Egg Bellpepper Sesame,307_65d49608977bcd0001fee755.json,106,Removed
group_162,MERGED: Creamy Egg Bellpepper Sesame,merged_304_65d49608977bcd0001fee755.json,N/A,Merged
group_163,Bolzico Lettuce Wrap,131_65d49792977bcd0001feef50.json,102,Published
group_163,Bolzico Lettuce Wrap,128_65d49792977bcd0001feef50.json,102,Removed
group_163,MERGED: Bolzico Lettuce Wrap,merged_131_65d49792977bcd0001feef50.json,N/A,Merged
group_164,Batutay With Mashpotato,116_65d497b2977bcd0001feeff0.json,105,Published
group_164,Batutay With Mashpotato,113_65d497b2977bcd0001feeff0.json,105,Removed
group_164,MERGED: Batutay With Mashpotato,merged_116_65d497b2977bcd0001feeff0.json,N/A,Merged
group_165,Creamy Honey Mustard Tuna Apple Salad,268_65d49657977bcd0001fee900.json,107,Published
group_165,Creamy Honey Mustard Tuna Apple Salad,271_65d49657977bcd0001fee900.json,107,Removed
group_165,MERGED: Creamy Honey Mustard Tuna Apple Salad,merged_268_65d49657977bcd0001fee900.json,N/A,Merged
group_166,Balsamic Vinaigrette,283_65d49637977bcd0001fee84c.json,103,Published
group_166,Balsamic Vinaigrette,286_65d49637977bcd0001fee84c.json,103,Removed
group_166,MERGED: Balsamic Vinaigrette,merged_283_65d49637977bcd0001fee84c.json,N/A,Merged
group_167,Globe Lunch,163_65d49736977bcd0001feeda9.json,104,Published
group_167,Globe Lunch,166_65d49736977bcd0001feeda9.json,104,Removed
group_167,MERGED: Globe Lunch,merged_163_65d49736977bcd0001feeda9.json,N/A,Merged
group_168,2018/11/02 Dinner Vegetables,266_65d49661977bcd0001fee93a.json,109,Published
group_168,2018/11/02 Dinner Vegetables,263_65d49661977bcd0001fee93a.json,109,Removed
group_168,MERGED: 2018/11/02 Dinner Vegetables,merged_266_65d49661977bcd0001fee93a.json,N/A,Merged
group_169,Sky High Fibre Toast Banana,068_65d49665977bcd0001fee952.json,107,Published
group_169,Sky High Fibre Toast Banana,065_65d49665977bcd0001fee952.json,107,Removed
group_169,MERGED: Sky High Fibre Toast Banana,merged_068_65d49665977bcd0001fee952.json,N/A,Merged
group_170,Beef Spaghetti Sauce,202_65d496d6977bcd0001feebd2.json,110,Published
group_170,Beef Spaghetti Sauce,205_65d496d6977bcd0001feebd2.json,110,Removed
group_170,MERGED: Beef Spaghetti Sauce,merged_202_65d496d6977bcd0001feebd2.json,N/A,Merged
group_171,2018/10/17 Lunch With Adobong Sitaw,144_65d4976a977bcd0001feeebb.json,103,Published
group_171,2018/10/17 Lunch With Adobong Sitaw,141_65d4976a977bcd0001feeebb.json,103,Removed
group_171,MERGED: 2018/10/17 Lunch With Adobong Sitaw,merged_144_65d4976a977bcd0001feeebb.json,N/A,Merged
group_172,Squid Ink Alog,029_65d49700977bcd0001feec9c.json,110,Published
group_172,Squid Ink Alog,032_65d49700977bcd0001feec9c.json,110,Removed
group_172,MERGED: Squid Ink Alog,merged_029_65d49700977bcd0001feec9c.json,N/A,Merged
group_173,2018/10/17 Dinner,218_65d496b8977bcd0001feeb1d.json,108,Published
group_173,2018/10/17 Dinner,221_65d496b8977bcd0001feeb1d.json,108,Removed
group_173,MERGED: 2018/10/17 Dinner,merged_218_65d496b8977bcd0001feeb1d.json,N/A,Merged
group_174,Fresh Mushroomsoup,049_65d496ac977bcd0001feead6.json,110,Published
group_174,Fresh Mushroomsoup,052_65d496ac977bcd0001feead6.json,110,Removed
group_174,MERGED: Fresh Mushroomsoup,merged_049_65d496ac977bcd0001feead6.json,N/A,Merged
group_175,2018/10/19 Lunch Pancit,200_65d496da977bcd0001feebe8.json,107,Published
group_175,2018/10/19 Lunch Pancit,203_65d496da977bcd0001feebe8.json,107,Removed
group_175,MERGED: 2018/10/19 Lunch Pancit,merged_200_65d496da977bcd0001feebe8.json,N/A,Merged
group_176,Sayote Tops Bellpepper Steamed Scrambled Egg,274_65d4964d977bcd0001fee8cb.json,106,Published
group_176,Sayote Tops Bellpepper Steamed Scrambled Egg,271_65d4964d977bcd0001fee8cb.json,106,Removed
group_176,MERGED: Sayote Tops Bellpepper Steamed Scrambled Egg,merged_274_65d4964d977bcd0001fee8cb.json,N/A,Merged
group_177,Potato Vegetable Salad,034_65d496f3977bcd0001feec58.json,109,Published
group_177,Potato Vegetable Salad,037_65d496f3977bcd0001feec58.json,109,Removed
group_177,MERGED: Potato Vegetable Salad,merged_034_65d496f3977bcd0001feec58.json,N/A,Merged
group_178,Soy Chicken,181_65d49718977bcd0001feed16.json,106,Published
group_178,Soy Chicken,178_65d49718977bcd0001feed16.json,106,Removed
group_178,MERGED: Soy Chicken,merged_181_65d49718977bcd0001feed16.json,N/A,Merged
group_179,Spicy Chicken Mongolian No Rice,273_65d49653977bcd0001fee8ec.json,107,Published
group_179,Spicy Chicken Mongolian No Rice,270_65d49653977bcd0001fee8ec.json,107,Removed
group_179,MERGED: Spicy Chicken Mongolian No Rice,merged_273_65d49653977bcd0001fee8ec.json,N/A,Merged
group_180,Sautéed Cabbage And Egg Rice Alternative,075_65d49640977bcd0001fee881.json,107,Published
group_180,Sautéed Cabbage And Egg Rice Alternative,078_65d49640977bcd0001fee881.json,107,Removed
group_180,MERGED: Sautéed Cabbage And Egg Rice Alternative,merged_075_65d49640977bcd0001fee881.json,N/A,Merged
group_181,Leche Flan With Cream Cheese Salu Salos Recipe,096_65d495df977bcd0001fee665.json,105,Published
group_181,Leche Flan With Cream Cheese Salu Salos Recipe,099_65d495df977bcd0001fee665.json,105,Removed
group_181,MERGED: Leche Flan With Cream Cheese Salu Salos Recipe,merged_096_65d495df977bcd0001fee665.json,N/A,Merged
group_182,Three Cheese Halibut Red Pesto Pasta,117_65d497b0977bcd0001feefe9.json,105,Published
group_182,Three Cheese Halibut Red Pesto Pasta,114_65d497b0977bcd0001feefe9.json,105,Removed
group_182,MERGED: Three Cheese Halibut Red Pesto Pasta,merged_117_65d497b0977bcd0001feefe9.json,N/A,Merged
group_183,Broccoli White Beech Mushrooms,320_65d495f1977bcd0001fee6c9.json,106,Published
group_183,Broccoli White Beech Mushrooms,323_65d495f1977bcd0001fee6c9.json,106,Removed
group_183,MERGED: Broccoli White Beech Mushrooms,merged_320_65d495f1977bcd0001fee6c9.json,N/A,Merged
group_184,Buttered Broccoli Cauliflower Carrots,254_65d49671977bcd0001fee997.json,106,Published
group_184,Buttered Broccoli Cauliflower Carrots,257_65d49671977bcd0001fee997.json,106,Removed
group_184,MERGED: Buttered Broccoli Cauliflower Carrots,merged_254_65d49671977bcd0001fee997.json,N/A,Merged
group_185,2018/11/11 Lunch,212_65d496c8977bcd0001feeb7e.json,102,Published
group_185,2018/11/11 Lunch,209_65d496c8977bcd0001feeb7e.json,102,Removed
group_185,MERGED: 2018/11/11 Lunch,merged_212_65d496c8977bcd0001feeb7e.json,N/A,Merged
group_186,Chicken Egg Drop Soup,238_65d49699977bcd0001feea69.json,107,Published
group_186,Chicken Egg Drop Soup,235_65d49699977bcd0001feea69.json,107,Removed
group_186,MERGED: Chicken Egg Drop Soup,merged_238_65d49699977bcd0001feea69.json,N/A,Merged
group_187,Colorful Mixed Vegetables,312_65d49600977bcd0001fee726.json,105,Published
group_187,Colorful Mixed Vegetables,309_65d49600977bcd0001fee726.json,105,Removed
group_187,MERGED: Colorful Mixed Vegetables,merged_312_65d49600977bcd0001fee726.json,N/A,Merged
group_188,Chorizo Sandwich,014_65d4974c977bcd0001feee1e.json,103,Published
group_188,Chorizo Sandwich,017_65d4974c977bcd0001feee1e.json,103,Removed
group_188,MERGED: Chorizo Sandwich,merged_014_65d4974c977bcd0001feee1e.json,N/A,Merged
group_189,Buttered Garlic Clam,068_65d49659977bcd0001fee90d.json,106,Published
group_189,Buttered Garlic Clam,071_65d49659977bcd0001fee90d.json,106,Removed
group_189,MERGED: Buttered Garlic Clam,merged_068_65d49659977bcd0001fee90d.json,N/A,Merged
group_190,Toasted Squash Green Beans,299_65d49612977bcd0001fee78f.json,107,Published
group_190,Toasted Squash Green Beans,302_65d49612977bcd0001fee78f.json,107,Removed
group_190,MERGED: Toasted Squash Green Beans,merged_299_65d49612977bcd0001fee78f.json,N/A,Merged
group_191,Rainbow Salsa,352_65d495ba977bcd0001fee592.json,103,Published
group_191,Rainbow Salsa,349_65d495ba977bcd0001fee592.json,103,Removed
group_191,MERGED: Rainbow Salsa,merged_352_65d495ba977bcd0001fee592.json,N/A,Merged
group_192,Salt And Pepper Pork,070_65d49652977bcd0001fee8e4.json,106,Published
group_192,Salt And Pepper Pork,073_65d49652977bcd0001fee8e4.json,106,Removed
group_192,MERGED: Salt And Pepper Pork,merged_070_65d49652977bcd0001fee8e4.json,N/A,Merged
group_193,Mushroom Salmon Tomato Sauce,308_65d49601977bcd0001fee72e.json,109,Published
group_193,Mushroom Salmon Tomato Sauce,311_65d49601977bcd0001fee72e.json,109,Removed
group_193,MERGED: Mushroom Salmon Tomato Sauce,merged_308_65d49601977bcd0001fee72e.json,N/A,Merged
group_194,Cream Dory Bellpepper Basil,191_65d496f7977bcd0001feec6e.json,104,Published
group_194,Cream Dory Bellpepper Basil,188_65d496f7977bcd0001feec6e.json,104,Removed
group_194,MERGED: Cream Dory Bellpepper Basil,merged_191_65d496f7977bcd0001feec6e.json,N/A,Merged
group_195,Pork Nilaga,064_65d49667977bcd0001fee958.json,109,Published
group_195,Pork Nilaga,067_65d49667977bcd0001fee958.json,109,Removed
group_195,MERGED: Pork Nilaga,merged_064_65d49667977bcd0001fee958.json,N/A,Merged
group_196,Chili Parmesan Mayo Dip,100_65d495c7977bcd0001fee5e1.json,104,Published
group_196,Chili Parmesan Mayo Dip,103_65d495c7977bcd0001fee5e1.json,104,Removed
group_196,MERGED: Chili Parmesan Mayo Dip,merged_100_65d495c7977bcd0001fee5e1.json,N/A,Merged
group_197,Ice Cream Sandwich,008_65d4975f977bcd0001feee87.json,104,Published
group_197,Ice Cream Sandwich,011_65d4975f977bcd0001feee87.json,104,Removed
group_197,MERGED: Ice Cream Sandwich,merged_008_65d4975f977bcd0001feee87.json,N/A,Merged
group_198,Salmon Bellpepper Wrap,181_65d4970c977bcd0001feecd8.json,105,Published
group_198,Salmon Bellpepper Wrap,184_65d4970c977bcd0001feecd8.json,105,Removed
group_198,MERGED: Salmon Bellpepper Wrap,merged_181_65d4970c977bcd0001feecd8.json,N/A,Merged
group_199,Edamame Sesame Pancit,241_65d4968c977bcd0001feea21.json,110,Published
group_199,Edamame Sesame Pancit,244_65d4968c977bcd0001feea21.json,110,Removed
group_199,MERGED: Edamame Sesame Pancit,merged_241_65d4968c977bcd0001feea21.json,N/A,Merged
group_200,Honey Garlic Chicken Liver,253_65d49678977bcd0001fee9b8.json,106,Published
group_200,Honey Garlic Chicken Liver,250_65d49678977bcd0001fee9b8.json,106,Removed
group_200,MERGED: Honey Garlic Chicken Liver,merged_253_65d49678977bcd0001fee9b8.json,N/A,Merged
group_201,Dory Blossom Salad,298_65d4961e977bcd0001fee7d4.json,109,Published
group_201,Dory Blossom Salad,295_65d4961e977bcd0001fee7d4.json,109,Removed
group_201,MERGED: Dory Blossom Salad,merged_298_65d4961e977bcd0001fee7d4.json,N/A,Merged
group_202,Pesto Tomato Potato,293_65d49621977bcd0001fee7e3.json,105,Published
group_202,Pesto Tomato Potato,296_65d49621977bcd0001fee7e3.json,105,Removed
group_202,MERGED: Pesto Tomato Potato,merged_293_65d49621977bcd0001fee7e3.json,N/A,Merged
group_203,Adlai Goto,218_65d496bc977bcd0001feeb35.json,110,Published
group_203,Adlai Goto,215_65d496bc977bcd0001feeb35.json,110,Removed
group_203,MERGED: Adlai Goto,merged_218_65d496bc977bcd0001feeb35.json,N/A,Merged
group_204,Bacon Alog,023_65d4971a977bcd0001feed1e.json,108,Published
group_204,Bacon Alog,020_65d4971a977bcd0001feed1e.json,108,Removed
group_204,MERGED: Bacon Alog,merged_023_65d4971a977bcd0001feed1e.json,N/A,Merged
group_205,Wagyu Kebab Sticks,095_65d495ee977bcd0001fee6b9.json,107,Published
group_205,Wagyu Kebab Sticks,092_65d495ee977bcd0001fee6b9.json,107,Removed
group_205,MERGED: Wagyu Kebab Sticks,merged_095_65d495ee977bcd0001fee6b9.json,N/A,Merged
group_206,Ginisang Upo,346_65d495c4977bcd0001fee5c9.json,105,Published
group_206,Ginisang Upo,343_65d495c4977bcd0001fee5c9.json,105,Removed
group_206,MERGED: Ginisang Upo,merged_346_65d495c4977bcd0001fee5c9.json,N/A,Merged
group_207,2018/09/25 Dinner,310_65d495ff977bcd0001fee71d.json,106,Published
group_207,2018/09/25 Dinner,313_65d495ff977bcd0001fee71d.json,106,Removed
group_207,MERGED: 2018/09/25 Dinner,merged_310_65d495ff977bcd0001fee71d.json,N/A,Merged
group_208,Chicken Rosemary Thyme,213_65d496be977bcd0001feeb43.json,105,Published
group_208,Chicken Rosemary Thyme,216_65d496be977bcd0001feeb43.json,105,Removed
group_208,MERGED: Chicken Rosemary Thyme,merged_213_65d496be977bcd0001feeb43.json,N/A,Merged
group_209,"Aug 31, 2019 Dinner",147_65d49766977bcd0001feeea5.json,110,Published
group_209,"Aug 31, 2019 Dinner",144_65d49766977bcd0001feeea5.json,110,Removed
group_209,"MERGED: Aug 31, 2019 Dinner",merged_147_65d49766977bcd0001feeea5.json,N/A,Merged
group_210,Omurice,034_65d496fb977bcd0001feec87.json,104,Published
group_210,Omurice,031_65d496fb977bcd0001feec87.json,104,Removed
group_210,MERGED: Omurice,merged_034_65d496fb977bcd0001feec87.json,N/A,Merged
group_211,2018/09/24 Dinner,150_65d49755977bcd0001feee50.json,110,Published
group_211,2018/09/24 Dinner,153_65d49755977bcd0001feee50.json,110,Removed
group_211,MERGED: 2018/09/24 Dinner,merged_150_65d49755977bcd0001feee50.json,N/A,Merged
group_212,Adobong Sitaw,103_65d495b8977bcd0001fee58a.json,103,Published
group_212,Adobong Sitaw,106_65d495b8977bcd0001fee58a.json,103,Removed
group_212,MERGED: Adobong Sitaw,merged_103_65d495b8977bcd0001fee58a.json,N/A,Merged
group_213,Japchae,005_65d49778977bcd0001feef02.json,110,Published
group_213,Japchae,008_65d49778977bcd0001feef02.json,110,Removed
group_213,MERGED: Japchae,merged_005_65d49778977bcd0001feef02.json,N/A,Merged
group_214,2018/11/08 Dinner Salad,304_65d49610977bcd0001fee781.json,107,Published
group_214,2018/11/08 Dinner Salad,301_65d49610977bcd0001fee781.json,107,Removed
group_214,MERGED: 2018/11/08 Dinner Salad,merged_304_65d49610977bcd0001fee781.json,N/A,Merged
group_215,Potato Pasto With Garlic Tomato Spinach Sauce,194_65d496e7977bcd0001feec22.json,107,Published
group_215,Potato Pasto With Garlic Tomato Spinach Sauce,197_65d496e7977bcd0001feec22.json,107,Removed
group_215,MERGED: Potato Pasto With Garlic Tomato Spinach Sauce,merged_194_65d496e7977bcd0001feec22.json,N/A,Merged
group_216,Chicken Adlai Arrozcaldo,198_65d496df977bcd0001feebfd.json,108,Published
group_216,Chicken Adlai Arrozcaldo,201_65d496df977bcd0001feebfd.json,108,Removed
group_216,MERGED: Chicken Adlai Arrozcaldo,merged_198_65d496df977bcd0001feebfd.json,N/A,Merged
group_217,Avocomangoban Smoothie,056_65d49695977bcd0001feea53.json,107,Published
group_217,Avocomangoban Smoothie,053_65d49695977bcd0001feea53.json,107,Removed
group_217,MERGED: Avocomangoban Smoothie,merged_056_65d49695977bcd0001feea53.json,N/A,Merged
group_218,Pepper Chicken Paratha Bowl,112_65d497b9977bcd0001fef00f.json,105,Published
group_218,Pepper Chicken Paratha Bowl,109_65d497b9977bcd0001fef00f.json,105,Removed
group_218,MERGED: Pepper Chicken Paratha Bowl,merged_112_65d497b9977bcd0001fef00f.json,N/A,Merged
group_219,Kale Chips,348_65d495c0977bcd0001fee5b2.json,103,Published
group_219,Kale Chips,345_65d495c0977bcd0001fee5b2.json,103,Removed
group_219,MERGED: Kale Chips,merged_348_65d495c0977bcd0001fee5b2.json,N/A,Merged
group_220,Carrot Bell Pepper Omelette,239_65d49690977bcd0001feea3a.json,104,Published
group_220,Carrot Bell Pepper Omelette,242_65d49690977bcd0001feea3a.json,104,Removed
group_220,MERGED: Carrot Bell Pepper Omelette,merged_239_65d49690977bcd0001feea3a.json,N/A,Merged
group_221,2018/10/18,131_65d4978c977bcd0001feef32.json,110,Published
group_221,2018/10/18,134_65d4978c977bcd0001feef32.json,110,Removed
group_221,MERGED: 2018/10/18,merged_131_65d4978c977bcd0001feef32.json,N/A,Merged
group_222,Instant Salad,045_65d496c3977bcd0001feeb5d.json,105,Published
group_222,Instant Salad,048_65d496c3977bcd0001feeb5d.json,105,Removed
group_222,MERGED: Instant Salad,merged_045_65d496c3977bcd0001feeb5d.json,N/A,Merged
group_223,Beautiful Messveggies,078_65d4962f977bcd0001fee82d.json,108,Published
group_223,Beautiful Messveggies,081_65d4962f977bcd0001fee82d.json,108,Removed
group_223,MERGED: Beautiful Messveggies,merged_078_65d4962f977bcd0001fee82d.json,N/A,Merged
group_224,2018/11/07 Red Cabbage And Bellpepper In Tomato Puree,323_65d495e8977bcd0001fee69a.json,104,Published
group_224,2018/11/07 Red Cabbage And Bellpepper In Tomato Puree,326_65d495e8977bcd0001fee69a.json,104,Removed
group_224,MERGED: 2018/11/07 Red Cabbage And Bellpepper In Tomato Puree,merged_323_65d495e8977bcd0001fee69a.json,N/A,Merged
group_225,Glazed String Bean Mushroom,099_65d495cf977bcd0001fee610.json,106,Published
group_225,Glazed String Bean Mushroom,102_65d495cf977bcd0001fee610.json,106,Removed
group_225,MERGED: Glazed String Bean Mushroom,merged_099_65d495cf977bcd0001fee610.json,N/A,Merged
group_226,2018/10/18 Dinner,210_65d496c7977bcd0001feeb76.json,108,Published
group_226,2018/10/18 Dinner,213_65d496c7977bcd0001feeb76.json,108,Removed
group_226,MERGED: 2018/10/18 Dinner,merged_210_65d496c7977bcd0001feeb76.json,N/A,Merged
group_227,2018/10/23 Lunch Pesto Adlai,125_65d4979a977bcd0001feef7a.json,107,Published
group_227,2018/10/23 Lunch Pesto Adlai,128_65d4979a977bcd0001feef7a.json,107,Removed
group_227,MERGED: 2018/10/23 Lunch Pesto Adlai,merged_125_65d4979a977bcd0001feef7a.json,N/A,Merged
group_228,Shanghai Filling,079_65d4963f977bcd0001fee87a.json,106,Published
group_228,Shanghai Filling,076_65d4963f977bcd0001fee87a.json,106,Removed
group_228,MERGED: Shanghai Filling,merged_079_65d4963f977bcd0001fee87a.json,N/A,Merged
group_229,Dory Alog,009_65d4976f977bcd0001feeed3.json,106,Published
group_229,Dory Alog,006_65d4976f977bcd0001feeed3.json,106,Removed
group_229,MERGED: Dory Alog,merged_009_65d4976f977bcd0001feeed3.json,N/A,Merged
group_230,Beef Caldereta,077_65d49643977bcd0001fee890.json,107,Published
group_230,Beef Caldereta,074_65d49643977bcd0001fee890.json,107,Removed
group_230,MERGED: Beef Caldereta,merged_077_65d49643977bcd0001fee890.json,N/A,Merged
group_231,Beef Potato Carrot Tomato Basil Pasta,259_65d4966f977bcd0001fee988.json,110,Published
group_231,Beef Potato Carrot Tomato Basil Pasta,256_65d4966f977bcd0001fee988.json,110,Removed
group_231,MERGED: Beef Potato Carrot Tomato Basil Pasta,merged_259_65d4966f977bcd0001fee988.json,N/A,Merged
group_232,Ground Beef With Green Beans,192_65d496f6977bcd0001feec66.json,108,Published
group_232,Ground Beef With Green Beans,189_65d496f6977bcd0001feec66.json,108,Removed
group_232,MERGED: Ground Beef With Green Beans,merged_192_65d496f6977bcd0001feec66.json,N/A,Merged
group_233,Cabbage Shanghai,012_65d4975e977bcd0001feee7e.json,107,Published
group_233,Cabbage Shanghai,009_65d4975e977bcd0001feee7e.json,107,Removed
group_233,MERGED: Cabbage Shanghai,merged_012_65d4975e977bcd0001feee7e.json,N/A,Merged
group_234,Chicken Shirataki Honey Ginger,258_65d4966c977bcd0001fee977.json,107,Published
group_234,Chicken Shirataki Honey Ginger,261_65d4966c977bcd0001fee977.json,107,Removed
group_234,MERGED: Chicken Shirataki Honey Ginger,merged_258_65d4966c977bcd0001fee977.json,N/A,Merged
group_235,Pepper Chicken With Vegetables,046_65d496c1977bcd0001feeb55.json,104,Published
group_235,Pepper Chicken With Vegetables,049_65d496c1977bcd0001feeb55.json,104,Removed
group_235,MERGED: Pepper Chicken With Vegetables,merged_046_65d496c1977bcd0001feeb55.json,N/A,Merged
group_236,2019/02/05 Eggplant Omelette With Ground Beef,145_65d49763977bcd0001feee96.json,110,Published
group_236,2019/02/05 Eggplant Omelette With Ground Beef,148_65d49763977bcd0001feee96.json,110,Removed
group_236,MERGED: 2019/02/05 Eggplant Omelette With Ground Beef,merged_145_65d49763977bcd0001feee96.json,N/A,Merged
group_237,Low Cal Refreshing Salad,269_65d4965e977bcd0001fee922.json,100,Published
group_237,Low Cal Refreshing Salad,266_65d4965e977bcd0001fee922.json,100,Removed
group_237,MERGED: Low Cal Refreshing Salad,merged_269_65d4965e977bcd0001fee922.json,N/A,Merged
group_238,Garlic Soy Chicken Breast,173_65d49729977bcd0001feed64.json,110,Published
group_238,Garlic Soy Chicken Breast,170_65d49729977bcd0001feed64.json,110,Removed
group_238,MERGED: Garlic Soy Chicken Breast,merged_173_65d49729977bcd0001feed64.json,N/A,Merged
group_239,Globe Lunch 2,183_65d4970f977bcd0001feece6.json,103,Published
group_239,Globe Lunch 2,180_65d4970f977bcd0001feece6.json,103,Removed
group_239,MERGED: Globe Lunch 2,merged_183_65d4970f977bcd0001feece6.json,N/A,Merged
group_240,No Milk Chicken Sopas,186_65d49706977bcd0001feecbb.json,106,Published
group_240,No Milk Chicken Sopas,183_65d49706977bcd0001feecbb.json,106,Removed
group_240,MERGED: No Milk Chicken Sopas,merged_186_65d49706977bcd0001feecbb.json,N/A,Merged
group_241,2018/10/19 Dinner Chicken Paprika,180_65d4971d977bcd0001feed2c.json,110,Published
group_241,2018/10/19 Dinner Chicken Paprika,177_65d4971d977bcd0001feed2c.json,110,Removed
group_241,MERGED: 2018/10/19 Dinner Chicken Paprika,merged_180_65d4971d977bcd0001feed2c.json,N/A,Merged
group_242,Chicken Sandwich Filling,018_65d49741977bcd0001feede5.json,106,Published
group_242,Chicken Sandwich Filling,015_65d49741977bcd0001feede5.json,106,Removed
group_242,MERGED: Chicken Sandwich Filling,merged_018_65d49741977bcd0001feede5.json,N/A,Merged
group_243,Chicken Citrus Crabstick Pear Salad,184_65d49705977bcd0001feecb3.json,107,Published
group_243,Chicken Citrus Crabstick Pear Salad,187_65d49705977bcd0001feecb3.json,107,Removed
group_243,MERGED: Chicken Citrus Crabstick Pear Salad,merged_184_65d49705977bcd0001feecb3.json,N/A,Merged
group_244,Taragon Tuna,315_65d495f8977bcd0001fee6f6.json,104,Published
group_244,Taragon Tuna,318_65d495f8977bcd0001fee6f6.json,104,Removed
group_244,MERGED: Taragon Tuna,merged_315_65d495f8977bcd0001fee6f6.json,N/A,Merged
group_245,Spicy Carrots Tinapa,244_65d49681977bcd0001fee9eb.json,110,Published
group_245,Spicy Carrots Tinapa,247_65d49681977bcd0001fee9eb.json,110,Removed
group_245,MERGED: Spicy Carrots Tinapa,merged_244_65d49681977bcd0001fee9eb.json,N/A,Merged
group_246,Orange “Soy” Salmon,190_65d496f1977bcd0001feec50.json,103,Published
group_246,Orange “Soy” Salmon,193_65d496f1977bcd0001feec50.json,103,Removed
group_246,MERGED: Orange “Soy” Salmon,merged_190_65d496f1977bcd0001feec50.json,N/A,Merged
group_247,Ground Beef Caldereta,038_65d496ef977bcd0001feec49.json,108,Published
group_247,Ground Beef Caldereta,035_65d496ef977bcd0001feec49.json,108,Removed
group_247,MERGED: Ground Beef Caldereta,merged_038_65d496ef977bcd0001feec49.json,N/A,Merged
group_248,Zucchini Tomato Thyme Skillet,344_65d495c9977bcd0001fee5e9.json,106,Published
group_248,Zucchini Tomato Thyme Skillet,341_65d495c9977bcd0001fee5e9.json,106,Removed
group_248,MERGED: Zucchini Tomato Thyme Skillet,merged_344_65d495c9977bcd0001fee5e9.json,N/A,Merged
group_249,Chicken Corn Citrus Salad,193_65d496e9977bcd0001feec28.json,108,Published
group_249,Chicken Corn Citrus Salad,196_65d496e9977bcd0001feec28.json,108,Removed
group_249,MERGED: Chicken Corn Citrus Salad,merged_193_65d496e9977bcd0001feec28.json,N/A,Merged
group_250,2018/11/07 Lunch Garlic Sesame Asparagus,314_65d495fd977bcd0001fee715.json,104,Published
group_250,2018/11/07 Lunch Garlic Sesame Asparagus,311_65d495fd977bcd0001fee715.json,104,Removed
group_250,MERGED: 2018/11/07 Lunch Garlic Sesame Asparagus,merged_314_65d495fd977bcd0001fee715.json,N/A,Merged
group_251,Adlai Red Cabbage,224_65d496b2977bcd0001feeafc.json,100,Published
group_251,Adlai Red Cabbage,221_65d496b2977bcd0001feeafc.json,100,Removed
group_251,MERGED: Adlai Red Cabbage,merged_224_65d496b2977bcd0001feeafc.json,N/A,Merged
group_252,Beef Yakiniku Mackerel Meal,152_65d49756977bcd0001feee57.json,110,Published
group_252,Beef Yakiniku Mackerel Meal,149_65d49756977bcd0001feee57.json,110,Removed
group_252,MERGED: Beef Yakiniku Mackerel Meal,merged_152_65d49756977bcd0001feee57.json,N/A,Merged
group_253,Cafe France Bacon Potato Salad,174_65d49721977bcd0001feed40.json,107,Published
group_253,Cafe France Bacon Potato Salad,177_65d49721977bcd0001feed40.json,107,Removed
group_253,MERGED: Cafe France Bacon Potato Salad,merged_174_65d49721977bcd0001feed40.json,N/A,Merged
group_254,Hawaiian Seafood Red Salad,021_65d49717977bcd0001feed0d.json,107,Published
group_254,Hawaiian Seafood Red Salad,024_65d49717977bcd0001feed0d.json,107,Removed
group_254,MERGED: Hawaiian Seafood Red Salad,merged_021_65d49717977bcd0001feed0d.json,N/A,Merged
group_255,Teryaki Sukiyaki,253_65d49673977bcd0001fee99e.json,106,Published
group_255,Teryaki Sukiyaki,256_65d49673977bcd0001fee99e.json,106,Removed
group_255,MERGED: Teryaki Sukiyaki,merged_253_65d49673977bcd0001fee99e.json,N/A,Merged
group_256,Refreshing Salsa,334_65d495d9977bcd0001fee646.json,107,Published
group_256,Refreshing Salsa,331_65d495d9977bcd0001fee646.json,107,Removed
group_256,MERGED: Refreshing Salsa,merged_334_65d495d9977bcd0001fee646.json,N/A,Merged
group_257,Grilled Tomato Thyme,104_65d495b6977bcd0001fee57b.json,102,Published
group_257,Grilled Tomato Thyme,107_65d495b6977bcd0001fee57b.json,102,Removed
group_257,MERGED: Grilled Tomato Thyme,merged_104_65d495b6977bcd0001fee57b.json,N/A,Merged
group_258,Tuna In Citrus Soy Sauce,046_65d496cb977bcd0001feeb8d.json,109,Published
group_258,Tuna In Citrus Soy Sauce,043_65d496cb977bcd0001feeb8d.json,109,Removed
group_258,MERGED: Tuna In Citrus Soy Sauce,merged_046_65d496cb977bcd0001feeb8d.json,N/A,Merged
group_259,2018/10/04 Dinner Salmon And Chicken,161_65d4973e977bcd0001feedd5.json,109,Published
group_259,2018/10/04 Dinner Salmon And Chicken,158_65d4973e977bcd0001feedd5.json,109,Removed
group_259,MERGED: 2018/10/04 Dinner Salmon And Chicken,merged_161_65d4973e977bcd0001feedd5.json,N/A,Merged
group_260,Tomato Basil Penne Pasta,252_65d4967b977bcd0001fee9c9.json,106,Published
group_260,Tomato Basil Penne Pasta,249_65d4967b977bcd0001fee9c9.json,106,Removed
group_260,MERGED: Tomato Basil Penne Pasta,merged_252_65d4967b977bcd0001fee9c9.json,N/A,Merged
group_261,Potato Carrot In Coconut Oil,303_65d4960c977bcd0001fee76b.json,103,Published
group_261,Potato Carrot In Coconut Oil,306_65d4960c977bcd0001fee76b.json,103,Removed
group_261,MERGED: Potato Carrot In Coconut Oil,merged_303_65d4960c977bcd0001fee76b.json,N/A,Merged
group_262,S&R Meets,004_65d4978a977bcd0001feef2b.json,107,Published
group_262,S&R Meets,007_65d4978a977bcd0001feef2b.json,107,Removed
group_262,MERGED: S&R Meets,merged_004_65d4978a977bcd0001feef2b.json,N/A,Merged
group_263,Baguio Pinikpikan,146_65d49767977bcd0001feeeac.json,105,Published
group_263,Baguio Pinikpikan,143_65d49767977bcd0001feeeac.json,105,Removed
group_263,MERGED: Baguio Pinikpikan,merged_146_65d49767977bcd0001feeeac.json,N/A,Merged
group_264,Tilapia In Soy Ginger,240_65d4968e977bcd0001feea29.json,106,Published
group_264,Tilapia In Soy Ginger,243_65d4968e977bcd0001feea29.json,106,Removed
group_264,MERGED: Tilapia In Soy Ginger,merged_240_65d4968e977bcd0001feea29.json,N/A,Merged
group_265,Beef Mushroom With Broccoli,264_65d49664977bcd0001fee949.json,107,Published
group_265,Beef Mushroom With Broccoli,261_65d49664977bcd0001fee949.json,107,Removed
group_265,MERGED: Beef Mushroom With Broccoli,merged_264_65d49664977bcd0001fee949.json,N/A,Merged
group_266,2018/09/23 Lunch,138_65d49775977bcd0001feeef2.json,108,Published
group_266,2018/09/23 Lunch,135_65d49775977bcd0001feeef2.json,108,Removed
group_266,MERGED: 2018/09/23 Lunch,merged_138_65d49775977bcd0001feeef2.json,N/A,Merged
group_267,Cabbage Pancake,074_65d49650977bcd0001fee8dc.json,103,Published
group_267,Cabbage Pancake,071_65d49650977bcd0001fee8dc.json,103,Removed
group_267,MERGED: Cabbage Pancake,merged_074_65d49650977bcd0001fee8dc.json,N/A,Merged
group_268,Chicken Squash Spinach Tinola Soup,228_65d496a8977bcd0001feeabd.json,108,Published
group_268,Chicken Squash Spinach Tinola Soup,225_65d496a8977bcd0001feeabd.json,108,Removed
group_268,MERGED: Chicken Squash Spinach Tinola Soup,merged_228_65d496a8977bcd0001feeabd.json,N/A,Merged
group_269,Mango Veggie Wrap,025_65d4970e977bcd0001feece0.json,107,Published
group_269,Mango Veggie Wrap,028_65d4970e977bcd0001feece0.json,107,Removed
group_269,MERGED: Mango Veggie Wrap,merged_025_65d4970e977bcd0001feece0.json,N/A,Merged
group_270,Buttered Garlic Asparagus,350_65d495b7977bcd0001fee583.json,104,Published
group_270,Buttered Garlic Asparagus,353_65d495b7977bcd0001fee583.json,104,Removed
group_270,MERGED: Buttered Garlic Asparagus,merged_350_65d495b7977bcd0001fee583.json,N/A,Merged
group_271,Raspberry Mango Yogurt,303_65d49611977bcd0001fee787.json,105,Published
group_271,Raspberry Mango Yogurt,300_65d49611977bcd0001fee787.json,105,Removed
group_271,MERGED: Raspberry Mango Yogurt,merged_303_65d49611977bcd0001fee787.json,N/A,Merged
group_272,2018/10/16 Lunch,168_65d49730977bcd0001feed8c.json,107,Published
group_272,2018/10/16 Lunch,165_65d49730977bcd0001feed8c.json,107,Removed
group_272,MERGED: 2018/10/16 Lunch,merged_168_65d49730977bcd0001feed8c.json,N/A,Merged
group_273,Filipino Style Steak,004_65d4979b977bcd0001feef80.json,108,Published
group_273,Filipino Style Steak,001_65d4979b977bcd0001feef80.json,108,Removed
group_273,MERGED: Filipino Style Steak,merged_004_65d4979b977bcd0001feef80.json,N/A,Merged
group_274,Health102 Fruit Salad,137_65d49772977bcd0001feeee2.json,105,Published
group_274,Health102 Fruit Salad,140_65d49772977bcd0001feeee2.json,105,Removed
group_274,MERGED: Health102 Fruit Salad,merged_137_65d49772977bcd0001feeee2.json,N/A,Merged
group_275,Mango Raspberry Goji Chia Pudding,222_65d496b0977bcd0001feeaed.json,107,Published
group_275,Mango Raspberry Goji Chia Pudding,225_65d496b0977bcd0001feeaed.json,107,Removed
group_275,MERGED: Mango Raspberry Goji Chia Pudding,merged_222_65d496b0977bcd0001feeaed.json,N/A,Merged
group_276,2018/09/24 Lunch,151_65d49757977bcd0001feee5f.json,107,Published
group_276,2018/09/24 Lunch,148_65d49757977bcd0001feee5f.json,107,Removed
group_276,MERGED: 2018/09/24 Lunch,merged_151_65d49757977bcd0001feee5f.json,N/A,Merged
group_277,Camote Ham Eff,090_65d4960d977bcd0001fee773.json,103,Published
group_277,Camote Ham Eff,087_65d4960d977bcd0001fee773.json,103,Removed
group_277,MERGED: Camote Ham Eff,merged_090_65d4960d977bcd0001fee773.json,N/A,Merged
group_278,Basmati Paella Negra,038_65d496dd977bcd0001feebf6.json,110,Published
group_278,Basmati Paella Negra,041_65d496dd977bcd0001feebf6.json,110,Removed
group_278,MERGED: Basmati Paella Negra,merged_038_65d496dd977bcd0001feebf6.json,N/A,Merged
group_279,Dory Blossom Salad,189_65d496ff977bcd0001feec94.json,110,Published
group_279,Dory Blossom Salad,186_65d496ff977bcd0001feec94.json,110,Removed
group_279,MERGED: Dory Blossom Salad,merged_189_65d496ff977bcd0001feec94.json,N/A,Merged
group_280,Pesto Carrot Adlai,252_65d49674977bcd0001fee9a5.json,107,Published
group_280,Pesto Carrot Adlai,255_65d49674977bcd0001fee9a5.json,107,Removed
group_280,MERGED: Pesto Carrot Adlai,merged_252_65d49674977bcd0001fee9a5.json,N/A,Merged
group_281,Three Cheesetuna Steak,062_65d49685977bcd0001feea02.json,107,Published
group_281,Three Cheesetuna Steak,059_65d49685977bcd0001feea02.json,107,Removed
group_281,MERGED: Three Cheesetuna Steak,merged_062_65d49685977bcd0001feea02.json,N/A,Merged
group_282,Coconut Carrots,329_65d495e3977bcd0001fee67c.json,102,Published
group_282,Coconut Carrots,326_65d495e3977bcd0001fee67c.json,102,Removed
group_282,MERGED: Coconut Carrots,merged_329_65d495e3977bcd0001fee67c.json,N/A,Merged
group_283,Buttered Herbed Corn And Carrot,312_65d495fc977bcd0001fee70e.json,103,Published
group_283,Buttered Herbed Corn And Carrot,315_65d495fc977bcd0001fee70e.json,103,Removed
group_283,MERGED: Buttered Herbed Corn And Carrot,merged_312_65d495fc977bcd0001fee70e.json,N/A,Merged
group_284,Adobong Sitaw,346_65d495bf977bcd0001fee5aa.json,104,Published
group_284,Adobong Sitaw,349_65d495bf977bcd0001fee5aa.json,104,Removed
group_284,MERGED: Adobong Sitaw,merged_346_65d495bf977bcd0001fee5aa.json,N/A,Merged
group_285,Ampalaya Egg,212_65d496bf977bcd0001feeb4c.json,107,Published
group_285,Ampalaya Egg,215_65d496bf977bcd0001feeb4c.json,107,Removed
group_285,MERGED: Ampalaya Egg,merged_212_65d496bf977bcd0001feeb4c.json,N/A,Merged
group_286,2018/10/16 Beef Steak Failed,302_65d4960f977bcd0001fee77a.json,105,Published
group_286,2018/10/16 Beef Steak Failed,305_65d4960f977bcd0001fee77a.json,105,Removed
group_286,MERGED: 2018/10/16 Beef Steak Failed,merged_302_65d4960f977bcd0001fee77a.json,N/A,Merged
group_287,Tofu Sisig,027_65d49709977bcd0001feecc8.json,109,Published
group_287,Tofu Sisig,030_65d49709977bcd0001feecc8.json,109,Removed
group_287,MERGED: Tofu Sisig,merged_027_65d49709977bcd0001feecc8.json,N/A,Merged
group_288,Avocado Oat Shake,292_65d49624977bcd0001fee7f1.json,102,Published
group_288,Avocado Oat Shake,295_65d49624977bcd0001fee7f1.json,102,Removed
group_288,MERGED: Avocado Oat Shake,merged_292_65d49624977bcd0001fee7f1.json,N/A,Merged
group_289,2018/10/05 Lunch,179_65d4971e977bcd0001feed32.json,110,Published
group_289,2018/10/05 Lunch,176_65d4971e977bcd0001feed32.json,110,Removed
group_289,MERGED: 2018/10/05 Lunch,merged_179_65d4971e977bcd0001feed32.json,N/A,Merged
group_290,Cucumber Strawberry Yogurt Shake,089_65d49614977bcd0001fee795.json,105,Published
group_290,Cucumber Strawberry Yogurt Shake,086_65d49614977bcd0001fee795.json,105,Removed
group_290,MERGED: Cucumber Strawberry Yogurt Shake,merged_089_65d49614977bcd0001fee795.json,N/A,Merged
group_291,Homemade Spaghetti,248_65d4967c977bcd0001fee9ce.json,106,Published
group_291,Homemade Spaghetti,251_65d4967c977bcd0001fee9ce.json,106,Removed
group_291,MERGED: Homemade Spaghetti,merged_248_65d4967c977bcd0001fee9ce.json,N/A,Merged
group_292,Creamy Honey Mustard Tuna Corn Salad,229_65d496a7977bcd0001feeab6.json,107,Published
group_292,Creamy Honey Mustard Tuna Corn Salad,226_65d496a7977bcd0001feeab6.json,107,Removed
group_292,MERGED: Creamy Honey Mustard Tuna Corn Salad,merged_229_65d496a7977bcd0001feeab6.json,N/A,Merged
group_293,2018/10/10 Dinner,145_65d49769977bcd0001feeeb4.json,109,Published
group_293,2018/10/10 Dinner,142_65d49769977bcd0001feeeb4.json,109,Removed
group_293,MERGED: 2018/10/10 Dinner,merged_145_65d49769977bcd0001feeeb4.json,N/A,Merged
group_294,2018/11/12Dinner Grapes And Beef,199_65d496dc977bcd0001feebef.json,104,Published
group_294,2018/11/12Dinner Grapes And Beef,202_65d496dc977bcd0001feebef.json,104,Removed
group_294,MERGED: 2018/11/12Dinner Grapes And Beef,merged_199_65d496dc977bcd0001feebef.json,N/A,Merged
group_295,Sesame Soy Chicken Enoki Mushroom,282_65d4963e977bcd0001fee873.json,109,Published
group_295,Sesame Soy Chicken Enoki Mushroom,279_65d4963e977bcd0001fee873.json,109,Removed
group_295,MERGED: Sesame Soy Chicken Enoki Mushroom,merged_282_65d4963e977bcd0001fee873.json,N/A,Merged
group_296,Chicken Tomato,288_65d4962b977bcd0001fee817.json,106,Published
group_296,Chicken Tomato,291_65d4962b977bcd0001fee817.json,106,Removed
group_296,MERGED: Chicken Tomato,merged_288_65d4962b977bcd0001fee817.json,N/A,Merged
group_297,Buttered Potato And Carrot,287_65d4962c977bcd0001fee81f.json,104,Published
group_297,Buttered Potato And Carrot,290_65d4962c977bcd0001fee81f.json,104,Removed
group_297,MERGED: Buttered Potato And Carrot,merged_287_65d4962c977bcd0001fee81f.json,N/A,Merged
group_298,2018/10/16 Adlai Carrot Rice,209_65d496cf977bcd0001feeba6.json,104,Published
group_298,2018/10/16 Adlai Carrot Rice,206_65d496cf977bcd0001feeba6.json,104,Removed
group_298,MERGED: 2018/10/16 Adlai Carrot Rice,merged_209_65d496cf977bcd0001feeba6.json,N/A,Merged
group_299,2018/10/11 Lunch Bangus And Broccoli Carrots,165_65d49737977bcd0001feedb0.json,106,Published
group_299,2018/10/11 Lunch Bangus And Broccoli Carrots,162_65d49737977bcd0001feedb0.json,106,Removed
group_299,MERGED: 2018/10/11 Lunch Bangus And Broccoli Carrots,merged_165_65d49737977bcd0001feedb0.json,N/A,Merged
group_300,Herbed Broccoli And Cauliflower,341_65d495cd977bcd0001fee600.json,104,Published
group_300,Herbed Broccoli And Cauliflower,338_65d495cd977bcd0001fee600.json,104,Removed
group_300,MERGED: Herbed Broccoli And Cauliflower,merged_341_65d495cd977bcd0001fee600.json,N/A,Merged
group_301,Porkchop Adlai Fried Rice,127_65d49793977bcd0001feef59.json,109,Published
group_301,Porkchop Adlai Fried Rice,130_65d49793977bcd0001feef59.json,109,Removed
group_301,MERGED: Porkchop Adlai Fried Rice,merged_127_65d49793977bcd0001feef59.json,N/A,Merged
group_302,Yellow Pepper With Sunflower Seeds,322_65d495ed977bcd0001fee6b1.json,103,Published
group_302,Yellow Pepper With Sunflower Seeds,325_65d495ed977bcd0001fee6b1.json,103,Removed
group_302,MERGED: Yellow Pepper With Sunflower Seeds,merged_322_65d495ed977bcd0001fee6b1.json,N/A,Merged
group_303,Shirataki Black Olives Noodles,351_65d495bc977bcd0001fee59a.json,101,Published
group_303,Shirataki Black Olives Noodles,348_65d495bc977bcd0001fee59a.json,101,Removed
group_303,MERGED: Shirataki Black Olives Noodles,merged_351_65d495bc977bcd0001fee59a.json,N/A,Merged
group_304,Beef Honey Onion,235_65d4969d977bcd0001feea7f.json,104,Published
group_304,Beef Honey Onion,232_65d4969d977bcd0001feea7f.json,104,Removed
group_304,MERGED: Beef Honey Onion,merged_235_65d4969d977bcd0001feea7f.json,N/A,Merged
group_305,Honey Mustard Chicken Pomelo Salad,175_65d49725977bcd0001feed4d.json,108,Published
group_305,Honey Mustard Chicken Pomelo Salad,172_65d49725977bcd0001feed4d.json,108,Removed
group_305,MERGED: Honey Mustard Chicken Pomelo Salad,merged_175_65d49725977bcd0001feed4d.json,N/A,Merged
group_306,Healthyfied Creamy Parmesan Garlic Salmon,122_65d497a2977bcd0001feefa0.json,105,Published
group_306,Healthyfied Creamy Parmesan Garlic Salmon,125_65d497a2977bcd0001feefa0.json,105,Removed
group_306,MERGED: Healthyfied Creamy Parmesan Garlic Salmon,merged_122_65d497a2977bcd0001feefa0.json,N/A,Merged
group_307,Beef Tendon Kaldereta,035_65d496fa977bcd0001feec80.json,110,Published
group_307,Beef Tendon Kaldereta,032_65d496fa977bcd0001feec80.json,110,Removed
group_307,MERGED: Beef Tendon Kaldereta,merged_035_65d496fa977bcd0001feec80.json,N/A,Merged
group_308,Zucchini Chips,335_65d495d6977bcd0001fee638.json,102,Published
group_308,Zucchini Chips,332_65d495d6977bcd0001fee638.json,102,Removed
group_308,MERGED: Zucchini Chips,merged_335_65d495d6977bcd0001fee638.json,N/A,Merged
group_309,2018/11/07 Dinner Adlai Adobo,275_65d4964c977bcd0001fee8c4.json,106,Published
group_309,2018/11/07 Dinner Adlai Adobo,272_65d4964c977bcd0001fee8c4.json,106,Removed
group_309,MERGED: 2018/11/07 Dinner Adlai Adobo,merged_275_65d4964c977bcd0001fee8c4.json,N/A,Merged
group_310,Chicken Chopseuy,037_65d496e4977bcd0001feec14.json,110,Published
group_310,Chicken Chopseuy,040_65d496e4977bcd0001feec14.json,110,Removed
group_310,MERGED: Chicken Chopseuy,merged_037_65d496e4977bcd0001feec14.json,N/A,Merged
group_311,Egg Garlic Adlai Fried Rice,241_65d49694977bcd0001feea4d.json,106,Published
group_311,Egg Garlic Adlai Fried Rice,238_65d49694977bcd0001feea4d.json,106,Removed
group_311,MERGED: Egg Garlic Adlai Fried Rice,merged_241_65d49694977bcd0001feea4d.json,N/A,Merged
group_312,Sky High Fibre Creamy Toast Plain,062_65d49675977bcd0001fee9ac.json,106,Published
group_312,Sky High Fibre Creamy Toast Plain,065_65d49675977bcd0001fee9ac.json,106,Removed
group_312,MERGED: Sky High Fibre Creamy Toast Plain,merged_062_65d49675977bcd0001fee9ac.json,N/A,Merged
group_313,Healthyfied Pinoy Style Meal,002_65d497a4977bcd0001feefa9.json,105,Published
group_313,Healthyfied Pinoy Style Meal,005_65d497a4977bcd0001feefa9.json,105,Removed
group_313,MERGED: Healthyfied Pinoy Style Meal,merged_002_65d497a4977bcd0001feefa9.json,N/A,Merged
group_314,2018/11/02 Lunch Vegetables,319_65d495f6977bcd0001fee6e7.json,107,Published
group_314,2018/11/02 Lunch Vegetables,316_65d495f6977bcd0001fee6e7.json,107,Removed
group_314,MERGED: 2018/11/02 Lunch Vegetables,merged_319_65d495f6977bcd0001fee6e7.json,N/A,Merged
group_315,2018/10/04 Lunch,159_65d49743977bcd0001feedee.json,110,Published
group_315,2018/10/04 Lunch,156_65d49743977bcd0001feedee.json,110,Removed
group_315,MERGED: 2018/10/04 Lunch,merged_159_65d49743977bcd0001feedee.json,N/A,Merged
group_316,Ginataang Kalabasa,022_65d4971c977bcd0001feed24.json,105,Published
group_316,Ginataang Kalabasa,019_65d4971c977bcd0001feed24.json,105,Removed
group_316,MERGED: Ginataang Kalabasa,merged_022_65d4971c977bcd0001feed24.json,N/A,Merged
group_317,2018/12/09 Dinner,179_65d49711977bcd0001feeced.json,110,Published
group_317,2018/12/09 Dinner,182_65d49711977bcd0001feeced.json,110,Removed
group_317,MERGED: 2018/12/09 Dinner,merged_179_65d49711977bcd0001feeced.json,N/A,Merged
group_318,White Christmas Salad,098_65d495d8977bcd0001fee63f.json,104,Published
group_318,White Christmas Salad,101_65d495d8977bcd0001fee63f.json,104,Removed
group_318,MERGED: White Christmas Salad,merged_098_65d495d8977bcd0001fee63f.json,N/A,Merged
group_319,Mushroom Meaty Sauce,219_65d496b5977bcd0001feeb0b.json,110,Published
group_319,Mushroom Meaty Sauce,222_65d496b5977bcd0001feeb0b.json,110,Removed
group_319,MERGED: Mushroom Meaty Sauce,merged_219_65d496b5977bcd0001feeb0b.json,N/A,Merged
group_320,Cream Dory Bellpepper Basil,190_65d496f9977bcd0001feec77.json,104,Published
group_320,Cream Dory Bellpepper Basil,187_65d496f9977bcd0001feec77.json,104,Removed
group_320,MERGED: Cream Dory Bellpepper Basil,merged_190_65d496f9977bcd0001feec77.json,N/A,Merged
group_321,Toasted Tinola Chicken,216_65d496ba977bcd0001feeb2d.json,106,Published
group_321,Toasted Tinola Chicken,219_65d496ba977bcd0001feeb2d.json,106,Removed
group_321,MERGED: Toasted Tinola Chicken,merged_216_65d496ba977bcd0001feeb2d.json,N/A,Merged
group_322,Condo Dinner,110_65d497bc977bcd0001fef01f.json,102,Published
group_322,Condo Dinner,107_65d497bc977bcd0001fef01f.json,102,Removed
group_322,MERGED: Condo Dinner,merged_110_65d497bc977bcd0001fef01f.json,N/A,Merged
group_323,Beef Egg Patty (One Patty Per Serving About 3” Dia),276_65d49645977bcd0001fee89e.json,108,Published
group_323,Beef Egg Patty (One Patty Per Serving About 3” Dia),279_65d49645977bcd0001fee89e.json,108,Removed
group_323,MERGED: Beef Egg Patty (One Patty Per Serving About 3” Dia),merged_276_65d49645977bcd0001fee89e.json,N/A,Merged
group_324,Young Corn In Coconut Aminos And Orange Juice,350_65d495bd977bcd0001fee5a3.json,99,Published
group_324,Young Corn In Coconut Aminos And Orange Juice,347_65d495bd977bcd0001fee5a3.json,99,Removed
group_324,MERGED: Young Corn In Coconut Aminos And Orange Juice,merged_350_65d495bd977bcd0001fee5a3.json,N/A,Merged
group_325,Garlic Paprika Salmon Tail,237_65d49697977bcd0001feea5a.json,104,Published
group_325,Garlic Paprika Salmon Tail,240_65d49697977bcd0001feea5a.json,104,Removed
group_325,MERGED: Garlic Paprika Salmon Tail,merged_237_65d49697977bcd0001feea5a.json,N/A,Merged
group_326,Roast Turkey Salad,327_65d495e2977bcd0001fee675.json,103,Published
group_326,Roast Turkey Salad,330_65d495e2977bcd0001fee675.json,103,Removed
group_326,MERGED: Roast Turkey Salad,merged_327_65d495e2977bcd0001fee675.json,N/A,Merged
group_327,Kimchi Beef Rice,007_65d49764977bcd0001feee9e.json,110,Published
group_327,Kimchi Beef Rice,010_65d49764977bcd0001feee9e.json,110,Removed
group_327,MERGED: Kimchi Beef Rice,merged_007_65d49764977bcd0001feee9e.json,N/A,Merged
group_328,Crunchy Seafood Red Salad,207_65d496cc977bcd0001feeb96.json,106,Published
group_328,Crunchy Seafood Red Salad,210_65d496cc977bcd0001feeb96.json,106,Removed
group_328,MERGED: Crunchy Seafood Red Salad,merged_207_65d496cc977bcd0001feeb96.json,N/A,Merged
group_329,Salad Dressing Honey Mustard,109_65d495b2977bcd0001fee565.json,98,Published
group_329,Salad Dressing Honey Mustard,106_65d495b2977bcd0001fee565.json,98,Removed
group_329,MERGED: Salad Dressing Honey Mustard,merged_109_65d495b2977bcd0001fee565.json,N/A,Merged
group_330,Meal 2020 11 15,059_65d4968f977bcd0001feea31.json,106,Published
group_330,Meal 2020 11 15,056_65d4968f977bcd0001feea31.json,106,Removed
group_330,MERGED: Meal 2020 11 15,merged_059_65d4968f977bcd0001feea31.json,N/A,Merged
group_331,Wagyu Cabbage Bowl,159_65d4973d977bcd0001feedce.json,110,Published
group_331,Wagyu Cabbage Bowl,162_65d4973d977bcd0001feedce.json,110,Removed
group_331,MERGED: Wagyu Cabbage Bowl,merged_159_65d4973d977bcd0001feedce.json,N/A,Merged
group_332,Refreshing Chicken Tomato Pasta,108_65d497bb977bcd0001fef017.json,103,Published
group_332,Refreshing Chicken Tomato Pasta,111_65d497bb977bcd0001fef017.json,103,Removed
group_332,MERGED: Refreshing Chicken Tomato Pasta,merged_108_65d497bb977bcd0001fef017.json,N/A,Merged
group_333,3/26 Lunch Bacon,129_65d49798977bcd0001feef73.json,110,Published
group_333,3/26 Lunch Bacon,126_65d49798977bcd0001feef73.json,110,Removed
group_333,MERGED: 3/26 Lunch Bacon,merged_129_65d49798977bcd0001feef73.json,N/A,Merged
group_334,Tomato Mushrooms,336_65d495d1977bcd0001fee618.json,106,Published
group_334,Tomato Mushrooms,339_65d495d1977bcd0001fee618.json,106,Removed
group_334,MERGED: Tomato Mushrooms,merged_336_65d495d1977bcd0001fee618.json,N/A,Merged
group_335,Vegetable Pancake,082_65d4961c977bcd0001fee7c3.json,102,Published
group_335,Vegetable Pancake,085_65d4961c977bcd0001fee7c3.json,102,Removed
group_335,MERGED: Vegetable Pancake,merged_082_65d4961c977bcd0001fee7c3.json,N/A,Merged
group_336,Mixed Cucumber Salad,199_65d496e2977bcd0001feec0d.json,107,Published
group_336,Mixed Cucumber Salad,196_65d496e2977bcd0001feec0d.json,107,Removed
group_336,MERGED: Mixed Cucumber Salad,merged_199_65d496e2977bcd0001feec0d.json,N/A,Merged
group_337,English Breakfast,026_65d4970a977bcd0001feeccf.json,98,Published
group_337,English Breakfast,029_65d4970a977bcd0001feeccf.json,98,Removed
group_337,MERGED: English Breakfast,merged_026_65d4970a977bcd0001feeccf.json,N/A,Merged
group_338,2018/11/08 Lunch,141_65d49770977bcd0001feeeda.json,104,Published
group_338,2018/11/08 Lunch,138_65d49770977bcd0001feeeda.json,104,Removed
group_338,MERGED: 2018/11/08 Lunch,merged_141_65d49770977bcd0001feeeda.json,N/A,Merged
group_339,Mexican Ground Beef,052_65d496a5977bcd0001feeaae.json,110,Published
group_339,Mexican Ground Beef,055_65d496a5977bcd0001feeaae.json,110,Removed
group_339,MERGED: Mexican Ground Beef,merged_052_65d496a5977bcd0001feeaae.json,N/A,Merged
group_340,Sweet And Sour Escabeche,169_65d4972e977bcd0001feed83.json,109,Published
group_340,Sweet And Sour Escabeche,166_65d4972e977bcd0001feed83.json,109,Removed
group_340,MERGED: Sweet And Sour Escabeche,merged_169_65d4972e977bcd0001feed83.json,N/A,Merged
group_341,No Mayo Coleslaw,091_65d4960a977bcd0001fee765.json,103,Published
group_341,No Mayo Coleslaw,088_65d4960a977bcd0001fee765.json,103,Removed
group_341,MERGED: No Mayo Coleslaw,merged_091_65d4960a977bcd0001fee765.json,N/A,Merged
group_342,2018/09/23 Dinner,168_65d4972c977bcd0001feed73.json,107,Published
group_342,2018/09/23 Dinner,171_65d4972c977bcd0001feed73.json,107,Removed
group_342,MERGED: 2018/09/23 Dinner,merged_168_65d4972c977bcd0001feed73.json,N/A,Merged
group_343,2018/11/07 Lunch Steak,132_65d4977e977bcd0001feef22.json,105,Published
group_343,2018/11/07 Lunch Steak,135_65d4977e977bcd0001feef22.json,105,Removed
group_343,MERGED: 2018/11/07 Lunch Steak,merged_132_65d4977e977bcd0001feef22.json,N/A,Merged
group_344,Almond Vanilla Protein Shake,048_65d496b1977bcd0001feeaf4.json,102,Published
group_344,Almond Vanilla Protein Shake,051_65d496b1977bcd0001feeaf4.json,102,Removed
group_344,MERGED: Almond Vanilla Protein Shake,merged_048_65d496b1977bcd0001feeaf4.json,N/A,Merged
group_345,2018/10/05 Dinner,115_65d497b4977bcd0001feeff8.json,102,Published
group_345,2018/10/05 Dinner,112_65d497b4977bcd0001feeff8.json,102,Removed
group_345,MERGED: 2018/10/05 Dinner,merged_115_65d497b4977bcd0001feeff8.json,N/A,Merged
group_346,Cajun Chicken,028_65d49702977bcd0001feeca4.json,107,Published
group_346,Cajun Chicken,031_65d49702977bcd0001feeca4.json,107,Removed
group_346,MERGED: Cajun Chicken,merged_028_65d49702977bcd0001feeca4.json,N/A,Merged
group_347,Tinola Manok,016_65d4973b977bcd0001feedc6.json,106,Published
group_347,Tinola Manok,019_65d4973b977bcd0001feedc6.json,106,Removed
group_347,MERGED: Tinola Manok,merged_016_65d4973b977bcd0001feedc6.json,N/A,Merged
group_348,Globe Lunch,119_65d497ae977bcd0001feefdb.json,99,Published
group_348,Globe Lunch,116_65d497ae977bcd0001feefdb.json,99,Removed
group_348,MERGED: Globe Lunch,merged_119_65d497ae977bcd0001feefdb.json,N/A,Merged
group_349,Mango Ensalada,322_65d495f2977bcd0001fee6d1.json,104,Published
group_349,Mango Ensalada,319_65d495f2977bcd0001fee6d1.json,104,Removed
group_349,MERGED: Mango Ensalada,merged_322_65d495f2977bcd0001fee6d1.json,N/A,Merged
